Date,Ex Rate (sight bill),Thai Hom Mali Rice Grade B,White Broken Rice A.1 Super,White Glutinous Rice 10%,Parboiled Rice 100%,Estimated Temperature,Estimated Precipitation,Vietnam_White_5%,India_White_5%,Pakistan_White_5%,White Rice 5%
2008-01-09,33.05,638.0,361.0,558.0,398.0,23.595158737547717,280.6676736933548,390.0,345.6334841628959,390.0,374.0
2008-01-16,33.0,657.0,365.0,529.0,404.0,23.595158737547717,280.6676736933548,390.0,345.6334841628959,390.0,377.0
2008-01-23,32.94,688.0,378.0,514.0,420.0,23.595158737547717,280.6676736933548,390.0,345.6334841628959,390.0,387.0
2008-01-30,32.86,705.0,403.0,510.0,440.0,23.595158737547717,280.6676736933548,390.0,345.6334841628959,390.0,418.0
2008-02-05,32.73,732.0,429.0,518.0,466.0,25.25954752816311,215.2855931853834,467.0,345.6334841628959,478.0,444.0
2008-02-13,32.7,733.0,430.0,518.0,466.0,25.25954752816311,215.2855931853834,467.0,345.6334841628959,478.0,445.0
2008-02-20,32.32,743.0,438.0,537.0,510.0,25.25954752816311,215.2855931853834,467.0,345.6334841628959,478.0,457.0
2008-02-27,32.02,749.0,454.0,542.0,529.0,25.25954752816311,215.2855931853834,467.0,345.6334841628959,478.0,470.0
2008-03-05,31.41,763.0,479.0,552.0,555.0,27.34492877758123,591.3931211369362,588.0,345.6334841628959,555.0,495.0
2008-03-12,31.36,771.0,512.0,553.0,604.0,27.34492877758123,591.3931211369362,588.0,345.6334841628959,555.0,544.0
2008-03-19,30.94,846.0,519.0,580.0,612.0,27.34492877758123,591.3931211369362,588.0,345.6334841628959,555.0,567.0
2008-03-26,31.18,904.0,576.0,624.0,656.0,27.34492877758123,591.3931211369362,588.0,345.6334841628959,555.0,611.0
2008-04-02,31.38,993.0,668.0,731.0,763.0,28.71560189926449,1153.370728646514,830.0,345.6334841628959,670.0,779.0
2008-04-09,31.56,1114.0,727.0,759.0,870.0,28.71560189926449,1153.370728646514,830.0,345.6334841628959,670.0,838.0
2008-04-23,31.25,1158.0,766.0,766.0,990.0,28.71560189926449,1153.370728646514,830.0,345.6334841628959,670.0,878.0
2008-04-30,31.57,1261.0,800.0,817.0,1078.0,28.71560189926449,1153.370728646514,830.0,345.6334841628959,670.0,922.0
2008-05-07,31.52,1228.0,801.0,818.0,1080.0,28.16733265059119,2452.791409233231,1075.0,345.6334841628959,850.0,923.0
2008-05-14,32.3,1198.0,781.0,799.0,1054.0,28.16733265059119,2452.791409233231,1075.0,345.6334841628959,850.0,1003.0
2008-05-21,31.71,1220.0,796.0,779.0,1074.0,28.16733265059119,2452.791409233231,1075.0,345.6334841628959,850.0,1022.0
2008-05-28,32.0,1175.0,755.0,737.0,996.0,28.16733265059119,2452.791409233231,1075.0,345.6334841628959,850.0,944.0
2008-06-04,32.43,1091.0,677.0,693.0,948.0,27.49178661204729,2713.0352110193808,883.0,345.6334841628959,838.0,864.0
2008-06-11,32.91,1084.0,639.0,690.0,941.0,27.49178661204729,2713.0352110193808,883.0,345.6334841628959,838.0,857.0
2008-06-18,32.96,1081.0,639.0,689.0,939.0,27.49178661204729,2713.0352110193808,883.0,345.6334841628959,838.0,856.0
2008-06-25,33.35,1069.0,631.0,681.0,928.0,27.49178661204729,2713.0352110193808,883.0,345.6334841628959,838.0,846.0
2008-07-02,33.22,1040.0,601.0,650.0,899.0,27.031632064053625,2842.25794774044,712.0,345.6334841628959,715.0,833.0
2008-07-09,33.55,997.0,579.0,644.0,857.0,27.031632064053625,2842.25794774044,712.0,345.6334841628959,715.0,807.0
2008-07-16,33.27,1005.0,583.0,649.0,865.0,27.031632064053625,2842.25794774044,712.0,345.6334841628959,715.0,815.0
2008-07-23,33.17,976.0,569.0,618.0,867.0,27.031632064053625,2842.25794774044,712.0,345.6334841628959,715.0,817.0
2008-07-30,33.3,938.0,550.0,600.0,864.0,27.031632064053625,2842.25794774044,712.0,345.6334841628959,715.0,798.0
2008-08-07,33.43,935.0,548.0,597.0,860.0,26.757497439716964,3492.482096132093,588.0,345.6334841628959,656.0,794.0
2008-08-13,33.48,934.0,530.0,580.0,826.0,26.757497439716964,3492.482096132093,588.0,345.6334841628959,656.0,777.0
2008-08-20,33.92,922.0,507.0,556.0,799.0,26.757497439716964,3492.482096132093,588.0,345.6334841628959,656.0,750.0
2008-08-27,33.92,905.0,491.0,539.0,783.0,26.757497439716964,3492.482096132093,588.0,345.6334841628959,656.0,734.0
2008-09-03,34.23,897.0,503.0,535.0,792.0,26.571477516059957,3367.112920148242,566.0,345.6334841628959,519.0,760.0
2008-09-10,34.42,892.0,499.0,531.0,788.0,26.571477516059957,3367.112920148242,566.0,345.6334841628959,519.0,756.0
2008-09-17,34.1,879.0,493.0,525.0,776.0,26.571477516059957,3367.112920148242,566.0,345.6334841628959,519.0,745.0
2008-09-24,33.85,865.0,454.0,501.0,749.0,26.571477516059957,3367.112920148242,566.0,345.6334841628959,519.0,733.0
2008-10-01,33.8,852.0,423.0,486.0,734.0,26.11132296806629,2024.403907280216,465.0,345.6334841628959,469.0,719.0
2008-10-08,34.38,822.0,401.0,462.0,691.0,26.11132296806629,2024.403907280216,465.0,345.6334841628959,469.0,691.0
2008-10-15,33.9,818.0,392.0,469.0,670.0,26.11132296806629,2024.403907280216,465.0,345.6334841628959,469.0,670.0
2008-10-22,34.24,810.0,372.0,464.0,648.0,26.11132296806629,2024.403907280216,465.0,345.6334841628959,469.0,648.0
2008-10-29,34.7,799.0,337.0,443.0,609.0,26.11132296806629,2024.403907280216,465.0,345.6334841628959,469.0,609.0
2008-11-05,34.66,784.0,322.0,443.0,580.0,25.024574993017406,932.5616984044648,413.0,345.6334841628959,385.0,580.0
2008-11-12,34.85,780.0,320.0,441.0,576.0,25.024574993017406,932.5616984044648,413.0,345.6334841628959,385.0,576.0
2008-11-19,34.79,812.0,321.0,457.0,592.0,25.024574993017406,932.5616984044648,413.0,345.6334841628959,385.0,578.0
2008-11-26,35.17,803.0,317.0,467.0,586.0,25.024574993017406,932.5616984044648,413.0,345.6334841628959,385.0,571.0
2008-12-03,35.28,801.0,317.0,465.0,585.0,23.409138813890696,488.1176933797474,419.0,345.6334841628959,393.0,569.0
2008-12-11,35.0,793.0,305.0,484.0,589.0,23.409138813890696,488.1176933797474,419.0,345.6334841628959,393.0,559.0
2008-12-17,34.43,805.0,309.0,492.0,599.0,23.409138813890696,488.1176933797474,419.0,345.6334841628959,393.0,568.0
2008-12-24,34.38,822.0,310.0,508.0,615.0,23.409138813890696,488.1176933797474,419.0,345.6334841628959,393.0,569.0
2009-01-07,34.95,839.0,319.0,500.0,620.0,23.945182012847965,268.54816041597667,399.0,345.6334841628959,421.0,560.0
2009-01-14,34.75,874.0,336.0,518.0,654.0,23.945182012847965,268.54816041597667,399.0,345.6334841628959,421.0,579.0
2009-01-21,34.8,873.0,336.0,517.0,683.0,23.945182012847965,268.54816041597667,399.0,345.6334841628959,421.0,592.0
2009-02-04,34.72,875.0,337.0,519.0,685.0,25.63426124197002,205.9893440993945,433.0,345.6334841628959,435.0,594.0
2009-02-11,34.9,869.0,335.0,516.0,681.0,25.63426124197002,205.9893440993945,433.0,345.6334841628959,435.0,591.0
2009-02-18,35.2,862.0,332.0,511.0,675.0,25.63426124197002,205.9893440993945,433.0,345.6334841628959,435.0,601.0
2009-02-25,35.7,851.0,328.0,504.0,666.0,25.63426124197002,205.9893440993945,433.0,345.6334841628959,435.0,592.0
2009-03-04,36.03,857.0,339.0,500.0,659.0,27.750578158458243,565.8561695904606,456.0,345.6334841628959,427.0,602.0
2009-03-11,35.85,861.0,341.0,502.0,663.0,27.750578158458243,565.8561695904606,456.0,345.6334841628959,427.0,605.0
2009-03-18,35.55,868.0,329.0,506.0,669.0,27.750578158458243,565.8561695904606,456.0,345.6334841628959,427.0,610.0
2009-03-25,35.3,875.0,331.0,509.0,673.0,27.750578158458243,565.8561695904606,456.0,345.6334841628959,427.0,614.0
2009-04-01,35.3,875.0,347.0,509.0,629.0,29.14158458244111,1103.567017105288,460.0,345.6334841628959,443.0,584.0
2009-04-08,35.35,874.0,345.0,479.0,599.0,29.14158458244111,1103.567017105288,460.0,345.6334841628959,443.0,568.0
2009-04-22,35.4,873.0,331.0,479.0,583.0,29.14158458244111,1103.567017105288,460.0,345.6334841628959,443.0,552.0
2009-04-29,35.16,878.0,323.0,482.0,587.0,29.14158458244111,1103.567017105288,460.0,345.6334841628959,443.0,542.0
2009-05-06,35.0,874.0,310.0,470.0,558.0,28.58518201284796,2346.8774018961435,457.0,345.6334841628959,442.0,514.0
2009-05-13,34.35,890.0,316.0,479.0,568.0,28.58518201284796,2346.8774018961435,457.0,345.6334841628959,442.0,523.0
2009-05-20,34.3,891.0,316.0,465.0,578.0,28.58518201284796,2346.8774018961435,457.0,345.6334841628959,442.0,524.0
2009-05-27,34.2,894.0,317.0,466.0,585.0,28.58518201284796,2346.8774018961435,457.0,345.6334841628959,442.0,541.0
2009-06-03,33.9,902.0,320.0,470.0,600.0,27.899614561027832,2595.8836137967246,414.0,345.6334841628959,425.0,546.0
2009-06-10,33.9,902.0,320.0,470.0,612.0,27.899614561027832,2595.8836137967246,414.0,345.6334841628959,425.0,555.0
2009-06-24,34.0,900.0,319.0,469.0,625.0,27.899614561027832,2595.8836137967246,414.0,345.6334841628959,425.0,553.0
2009-07-01,34.0,915.0,325.0,469.0,634.0,27.432633832976443,2719.526382390992,404.0,345.6334841628959,444.0,553.0
2009-07-08,34.0,945.0,325.0,469.0,641.0,27.432633832976443,2719.526382390992,404.0,345.6334841628959,444.0,559.0
2009-07-15,34.0,945.0,325.0,469.0,641.0,27.432633832976443,2719.526382390992,404.0,345.6334841628959,444.0,559.0
2009-07-22,33.9,948.0,326.0,470.0,636.0,27.432633832976443,2719.526382390992,404.0,345.6334841628959,444.0,561.0
2009-07-29,33.8,951.0,312.0,487.0,608.0,27.432633832976443,2719.526382390992,404.0,345.6334841628959,444.0,548.0
2009-08-05,33.8,951.0,312.0,487.0,593.0,27.154432548179862,3341.6731961327177,393.0,345.6334841628959,463.0,548.0
2009-08-11,33.9,963.0,311.0,486.0,581.0,27.154432548179862,3341.6731961327177,393.0,345.6334841628959,463.0,546.0
2009-08-19,33.9,948.0,311.0,470.0,581.0,27.154432548179862,3341.6731961327177,393.0,345.6334841628959,463.0,530.0
2009-08-26,33.9,963.0,305.0,470.0,591.0,27.154432548179862,3341.6731961327177,393.0,345.6334841628959,463.0,516.0
2009-09-02,33.9,979.0,305.0,470.0,606.0,26.96565310492505,3221.717587635696,384.0,345.6334841628959,464.0,516.0
2009-09-09,33.9,994.0,305.0,486.0,621.0,26.96565310492505,3221.717587635696,384.0,345.6334841628959,464.0,530.0
2009-09-16,33.75,1014.0,306.0,488.0,623.0,26.96565310492505,3221.717587635696,384.0,345.6334841628959,464.0,533.0
2009-09-23,33.4,1040.0,310.0,493.0,615.0,26.96565310492505,3221.717587635696,384.0,345.6334841628959,464.0,539.0
2009-09-30,33.4,1040.0,310.0,493.0,600.0,26.96565310492505,3221.717587635696,384.0,345.6334841628959,464.0,523.0
2009-10-07,33.3,1043.0,310.0,495.0,587.0,26.49867237687366,1936.9881044191268,405.0,345.6334841628959,427.0,510.0
2009-10-14,33.11,1049.0,297.0,512.0,574.0,26.49867237687366,1936.9881044191268,405.0,345.6334841628959,427.0,497.0
2009-10-21,33.3,1043.0,295.0,510.0,571.0,26.49867237687366,1936.9881044191268,405.0,345.6334841628959,427.0,495.0
2009-10-28,33.3,1043.0,301.0,510.0,571.0,26.49867237687366,1936.9881044191268,405.0,345.6334841628959,427.0,495.0
2009-11-04,33.3,1043.0,325.0,525.0,587.0,25.395802997858667,892.2927435331763,465.0,345.6334841628959,435.0,510.0
2009-11-11,33.2,1062.0,326.0,557.0,588.0,25.395802997858667,892.2927435331763,465.0,345.6334841628959,435.0,511.0
2009-11-18,33.0,1085.0,344.0,607.0,592.0,25.395802997858667,892.2927435331763,465.0,345.6334841628959,435.0,529.0
2009-11-25,33.1,1082.0,359.0,652.0,605.0,25.395802997858667,892.2927435331763,465.0,345.6334841628959,435.0,559.0
2009-12-02,33.0,1100.0,375.0,715.0,622.0,23.756402569593146,467.0402789843072,357.7920792079208,345.6334841628959,481.0,592.0
2009-12-09,33.0,1100.0,391.0,777.0,638.0,23.756402569593146,467.0402789843072,357.7920792079208,345.6334841628959,481.0,607.0
2009-12-16,33.0,1100.0,406.0,777.0,622.0,23.756402569593146,467.0402789843072,357.7920792079208,345.6334841628959,481.0,592.0
2009-12-23,33.1,1097.0,405.0,774.0,605.0,23.756402569593146,467.0402789843072,357.7920792079208,345.6334841628959,481.0,559.0
2009-01-13,32.9,1009.0,422.0,779.0,624.0,23.945182012847965,268.54816041597667,399.0,345.6334841628959,421.0,577.0
2009-01-20,32.81,1012.0,424.0,781.0,611.0,23.945182012847965,268.54816041597667,399.0,345.6334841628959,421.0,564.0
2010-01-27,32.95,1007.0,422.0,778.0,608.0,24.51957918257145,268.364630739521,482.0,345.6334841628959,475.0,561.0
2010-02-03,33.0,1006.0,421.0,777.0,607.0,26.2491760543711,205.84856801804904,425.0,345.6334841628959,438.0,561.0
2010-02-10,33.0,1006.0,415.0,746.0,601.0,26.2491760543711,205.84856801804904,425.0,345.6334841628959,438.0,555.0
2010-02-17,33.0,999.0,415.0,715.0,592.0,26.2491760543711,205.84856801804904,425.0,345.6334841628959,438.0,539.0
2010-02-24,33.0,990.0,391.0,715.0,576.0,26.2491760543711,205.84856801804904,425.0,345.6334841628959,438.0,514.0
2010-03-03,32.5,1005.0,397.0,726.0,569.0,28.4162591937436,565.469455343137,386.0,345.6334841628959,419.0,507.0
2010-03-10,32.5,989.0,388.0,726.0,554.0,28.4162591937436,565.469455343137,386.0,345.6334841628959,419.0,497.0
2010-03-17,32.3,979.0,384.0,730.0,542.0,28.4162591937436,565.469455343137,386.0,345.6334841628959,419.0,500.0
2010-03-24,32.2,982.0,385.0,749.0,543.0,28.4162591937436,565.469455343137,386.0,345.6334841628959,419.0,502.0
2010-03-31,32.2,982.0,368.0,749.0,527.0,29.840633088166832,1102.8128235286767,353.0,345.6334841628959,389.0,486.0
2010-04-07,32.3,979.0,352.0,747.0,510.0,29.840633088166832,1102.8128235286767,353.0,345.6334841628959,389.0,478.0
2010-04-21,32.0,988.0,323.0,785.0,466.0,29.840633088166832,1102.8128235286767,353.0,345.6334841628959,389.0,451.0
2010-04-28,32.1,985.0,322.0,799.0,465.0,29.840633088166832,1102.8128235286767,353.0,345.6334841628959,389.0,449.0
2010-05-12,32.2,982.0,321.0,812.0,464.0,29.27088353039754,2345.273512114944,356.0,345.6334841628959,370.0,448.0
2010-05-27,32.4,960.0,319.0,807.0,461.0,29.27088353039754,2345.273512114944,356.0,345.6334841628959,370.0,445.0
2010-06-02,32.4,944.0,325.0,792.0,461.0,28.5688706824318,2594.109549587836,363.0,345.6334841628959,401.0,445.0
2010-06-09,32.5,925.0,324.0,773.0,459.0,28.5688706824318,2594.109549587836,363.0,345.6334841628959,401.0,438.0
2010-06-16,32.3,931.0,326.0,794.0,462.0,28.5688706824318,2594.109549587836,363.0,345.6334841628959,401.0,440.0
2010-06-23,32.2,966.0,334.0,812.0,496.0,28.5688706824318,2594.109549587836,363.0,345.6334841628959,401.0,448.0
2010-06-30,32.25,981.0,340.0,858.0,495.0,28.5688706824318,2594.109549587836,363.0,345.6334841628959,401.0,454.0
2010-07-07,32.3,979.0,346.0,857.0,488.0,28.09068801787543,2717.6678189351856,356.0,345.6334841628959,413.0,447.0
2010-07-14,32.25,981.0,346.0,953.0,478.0,28.09068801787543,2717.6678189351856,356.0,345.6334841628959,413.0,438.0
2010-07-21,32.15,984.0,347.0,956.0,470.0,28.09068801787543,2717.6678189351856,356.0,345.6334841628959,413.0,432.0
2010-07-28,32.1,985.0,348.0,958.0,471.0,28.09068801787543,2717.6678189351856,356.0,345.6334841628959,413.0,434.0
2010-08-04,32.05,987.0,354.0,991.0,478.0,27.805813238990776,3339.389448593517,420.0,345.6334841628959,410.0,434.0
2010-08-11,31.9,991.0,366.0,996.0,516.0,27.805813238990776,3339.389448593517,420.0,345.6334841628959,410.0,446.0
2010-08-18,31.6,1000.0,375.0,1005.0,527.0,27.805813238990776,3339.389448593517,420.0,345.6334841628959,410.0,463.0
2010-08-25,31.4,1040.0,395.0,1012.0,530.0,27.805813238990776,3339.389448593517,420.0,345.6334841628959,410.0,472.0
2010-09-01,31.1,1067.0,398.0,1021.0,536.0,27.61250535331905,3219.5158194851547,458.0,345.6334841628959,376.5112781954887,476.0
2010-09-08,31.0,1087.0,409.0,1024.0,531.0,27.61250535331905,3219.5158194851547,458.0,345.6334841628959,376.5112781954887,478.0
2010-09-15,30.8,1094.0,418.0,1031.0,534.0,27.61250535331905,3219.5158194851547,458.0,345.6334841628959,376.5112781954887,481.0
2010-09-22,30.5,1106.0,429.0,1041.0,556.0,27.61250535331905,3219.5158194851547,458.0,345.6334841628959,376.5112781954887,493.0
2010-09-29,30.4,1109.0,430.0,1078.0,565.0,27.61250535331905,3219.5158194851547,458.0,345.6334841628959,376.5112781954887,495.0
2010-10-06,29.9,1127.0,438.0,1097.0,564.0,27.134322688762683,1935.6643388809384,468.0,345.6334841628959,470.0,493.0
2010-10-20,29.9,1127.0,427.0,1097.0,551.0,27.134322688762683,1935.6643388809384,468.0,345.6334841628959,470.0,493.0
2010-10-27,29.9,1127.0,427.0,1097.0,551.0,27.134322688762683,1935.6643388809384,468.0,345.6334841628959,470.0,493.0
2010-11-03,29.6,1139.0,432.0,1108.0,556.0,26.004997672469973,891.6829378347469,493.0,460.0,475.0,504.0
2010-11-10,29.5,1143.0,434.0,1111.0,558.0,26.004997672469973,891.6829378347469,493.0,460.0,475.0,523.0
2010-11-17,29.8,1129.0,428.0,1099.0,558.0,26.004997672469973,891.6829378347469,493.0,460.0,475.0,534.0
2010-11-24,29.9,1127.0,427.0,1097.0,557.0,26.004997672469973,891.6829378347469,493.0,460.0,475.0,533.0
2010-12-02,29.9,1127.0,427.0,1062.0,557.0,24.326271296899726,466.7210969382973,497.0,460.0,475.0,551.0
2010-12-08,30.0,1123.0,426.0,1008.0,556.0,24.326271296899726,466.7210969382973,497.0,460.0,475.0,549.0
2010-12-15,30.0,1123.0,426.0,1008.0,556.0,24.326271296899726,466.7210969382973,497.0,460.0,475.0,549.0
2010-12-22,30.05,1121.0,425.0,989.0,548.0,24.326271296899726,466.7210969382973,497.0,460.0,475.0,548.0
2010-12-29,30.05,1121.0,412.0,989.0,541.0,24.326271296899726,466.7210969382973,497.0,460.0,475.0,538.0
2011-01-05,30.05,1018.0,412.0,989.0,541.0,23.577208825993853,326.11912579917384,479.0,345.6334841628959,481.0,530.0
2011-01-12,30.25,1011.0,409.0,982.0,544.0,23.577208825993853,326.11912579917384,479.0,345.6334841628959,481.0,527.0
2011-01-19,30.35,990.0,408.0,979.0,543.0,23.577208825993853,326.11912579917384,479.0,345.6334841628959,481.0,525.0
2011-01-26,30.8,977.0,418.0,965.0,541.0,23.577208825993853,326.11912579917384,479.0,345.6334841628959,481.0,518.0
2011-02-08,30.6,965.0,428.0,971.0,555.0,25.24033144027558,250.1490411164373,469.0,345.6334841628959,478.0,542.0
2011-02-16,30.6,965.0,435.0,988.0,551.0,25.24033144027558,250.1490411164373,469.0,345.6334841628959,478.0,538.0
2011-02-23,30.5,952.0,436.0,991.0,547.0,25.24033144027558,250.1490411164373,469.0,345.6334841628959,478.0,533.0
2011-03-02,30.5,952.0,436.0,1008.0,529.0,27.32412624522856,687.1635950477787,455.0,345.6334841628959,470.0,516.0
2011-03-09,30.2,961.0,434.0,1052.0,524.0,27.32412624522856,687.1635950477787,455.0,345.6334841628959,470.0,511.0
2011-03-16,30.3,976.0,425.0,1031.0,523.0,27.32412624522856,687.1635950477787,455.0,345.6334841628959,470.0,503.0
2011-03-23,30.15,980.0,421.0,1020.0,519.0,27.32412624522856,687.1635950477787,455.0,345.6334841628959,470.0,499.0
2011-04-05,30.1,982.0,421.0,1021.0,513.0,28.693756633460566,1340.1481146685503,475.0,345.6334841628959,475.0,493.0
2011-04-12,30.0,967.0,423.0,1025.0,515.0,28.693756633460566,1340.1481146685503,475.0,345.6334841628959,475.0,488.0
2011-04-20,29.9,970.0,424.0,1011.0,516.0,28.693756633460566,1340.1481146685503,475.0,345.6334841628959,475.0,489.0
2011-04-27,29.8,974.0,425.0,1015.0,518.0,28.693756633460566,1340.1481146685503,475.0,345.6334841628959,475.0,491.0
2011-05-04,29.9,970.0,424.0,977.0,516.0,28.145904478167765,2849.9975776362585,473.0,345.6334841628959,482.0,489.0
2011-05-11,29.95,987.0,423.0,975.0,515.0,28.145904478167765,2849.9975776362585,473.0,345.6334841628959,482.0,489.0
2011-05-18,30.15,976.0,415.0,963.0,506.0,28.145904478167765,2849.9975776362585,473.0,345.6334841628959,482.0,479.0
2011-05-25,30.3,971.0,413.0,958.0,497.0,28.145904478167765,2849.9975776362585,473.0,345.6334841628959,482.0,476.0
2011-06-01,30.2,974.0,414.0,961.0,499.0,27.470872358253413,3152.385380322358,465.0,345.6334841628959,500.0,481.0
2011-06-08,30.2,991.0,414.0,961.0,505.0,27.470872358253413,3152.385380322358,465.0,345.6334841628959,500.0,489.0
2011-06-15,30.3,988.0,419.0,958.0,527.0,27.470872358253413,3152.385380322358,465.0,345.6334841628959,500.0,510.0
2011-06-22,30.35,1004.0,436.0,973.0,553.0,27.470872358253413,3152.385380322358,465.0,345.6334841628959,500.0,526.0
2011-06-29,30.75,991.0,429.0,993.0,529.0,27.470872358253413,3152.385380322358,465.0,345.6334841628959,500.0,503.0
2011-07-06,30.35,1021.0,436.0,1007.0,547.0,27.01106787077553,3302.534506434014,506.0,450.0,516.0,519.0
2011-07-13,30.25,1059.0,447.0,1010.0,558.0,27.01106787077553,3302.534506434014,506.0,450.0,516.0,539.0
2011-07-20,29.8,1074.0,454.0,1060.0,550.0,27.01106787077553,3302.534506434014,506.0,450.0,516.0,547.0
2011-07-27,29.6,1082.0,457.0,1067.0,554.0,27.01106787077553,3302.534506434014,506.0,450.0,516.0,550.0
2011-08-03,29.6,1082.0,457.0,1067.0,554.0,26.73714179312913,4058.056252335807,555.0,465.0,515.0,550.0
2011-08-10,29.8,1074.0,464.0,1060.0,563.0,26.73714179312913,4058.056252335807,555.0,465.0,515.0,547.0
2011-08-17,29.7,1078.0,472.0,1063.0,617.0,26.73714179312913,4058.056252335807,555.0,465.0,515.0,565.0
2011-08-24,29.7,1078.0,490.0,1063.0,617.0,26.73714179312913,4058.056252335807,555.0,465.0,515.0,600.0
2011-08-31,29.9,1071.0,487.0,1056.0,613.0,26.55126338329764,3912.384734358693,568.0,481.0,508.0,578.0
2011-09-07,29.9,1089.0,494.0,1056.0,647.0,26.55126338329764,3912.384734358693,568.0,481.0,508.0,613.0
2011-09-21,30.4,1104.0,502.0,1038.0,619.0,26.55126338329764,3912.384734358693,568.0,481.0,508.0,603.0
2011-09-28,30.85,1106.0,505.0,1024.0,620.0,26.55126338329764,3912.384734358693,568.0,481.0,508.0,610.0
2011-10-05,31.1,1113.0,501.0,1016.0,606.0,26.091458895819752,2352.236806679625,573.0,475.0,484.0,599.0
2011-10-12,30.9,1120.0,504.0,1022.0,609.0,26.091458895819752,2352.236806679625,573.0,475.0,484.0,603.0
2011-10-19,30.6,1132.0,509.0,1032.0,615.0,26.091458895819752,2352.236806679625,573.0,475.0,484.0,609.0
2011-10-26,30.75,1126.0,506.0,993.0,612.0,26.091458895819752,2352.236806679625,573.0,475.0,484.0,606.0
2011-11-02,30.8,1124.0,528.0,992.0,611.0,25.0055376594358,1083.5811685592687,554.0,464.0,454.0,611.0
2011-11-09,30.6,1132.0,565.0,982.0,632.0,25.0055376594358,1083.5811685592687,554.0,464.0,454.0,632.0
2011-11-16,30.7,1127.0,563.0,979.0,630.0,25.0055376594358,1083.5811685592687,554.0,464.0,454.0,647.0
2011-11-23,31.1,1113.0,556.0,966.0,622.0,25.0055376594358,1083.5811685592687,554.0,464.0,454.0,639.0
2011-11-30,31.15,1112.0,572.0,949.0,605.0,25.0055376594358,1083.5811685592687,554.0,464.0,454.0,638.0
2011-12-07,30.65,1129.0,581.0,948.0,614.0,23.391330416162365,567.1636970420415,498.0,457.0,457.0,631.0
2011-12-14,31.1,1113.0,556.0,901.0,599.0,23.391330416162365,567.1636970420415,498.0,457.0,457.0,606.0
2011-12-21,31.0,1100.0,558.0,904.0,598.0,23.391330416162365,567.1636970420415,498.0,457.0,457.0,574.0
2011-12-28,31.4,1086.0,534.0,893.0,573.0,23.391330416162365,567.1636970420415,498.0,457.0,457.0,567.0
2012-01-11,31.5,1066.0,517.0,889.0,533.0,24.37597989014058,252.16485947665447,448.0,440.0,439.0,533.0
2012-01-18,31.7,1043.0,513.0,883.0,529.0,24.37597989014058,252.16485947665447,448.0,440.0,439.0,529.0
2012-02-01,30.9,1070.0,527.0,907.0,560.0,26.09544735127083,193.4225649807199,426.0,464.0,443.0,544.0
2012-02-08,30.6,1081.0,532.0,915.0,575.0,26.09544735127083,193.4225649807199,426.0,464.0,443.0,549.0
2012-02-15,30.75,1075.0,529.0,911.0,572.0,26.09544735127083,193.4225649807199,426.0,464.0,443.0,546.0
2012-02-22,30.6,1081.0,532.0,899.0,575.0,26.09544735127083,193.4225649807199,426.0,464.0,443.0,549.0
2012-02-29,30.1,1098.0,541.0,914.0,584.0,26.09544735127083,193.4225649807199,426.0,464.0,443.0,558.0
2012-03-14,30.6,1081.0,532.0,865.0,615.0,28.24983893492226,531.3350174052711,420.0,440.0,463.0,549.0
2012-03-21,30.6,1081.0,549.0,865.0,632.0,28.24983893492226,531.3350174052711,420.0,440.0,463.0,549.0
2012-03-28,30.6,1081.0,549.0,832.0,625.0,28.24983893492226,531.3350174052711,420.0,440.0,463.0,549.0
2012-04-04,30.9,1070.0,544.0,791.0,609.0,29.6658709617354,1036.2417726502886,436.0,443.0,471.0,550.0
2012-04-11,30.9,1052.0,540.0,769.0,606.0,29.6658709617354,1036.2417726502886,436.0,443.0,471.0,546.0
2012-04-18,30.75,1057.0,542.0,773.0,608.0,29.6658709617354,1036.2417726502886,436.0,443.0,471.0,549.0
2012-04-25,30.85,1054.0,558.0,771.0,607.0,29.6658709617354,1036.2417726502886,436.0,443.0,471.0,564.0
2012-05-02,30.7,1059.0,561.0,791.0,616.0,29.099458151010147,2203.7015980351107,426.0,424.0,471.0,577.0
2012-05-09,30.9,1052.0,557.0,786.0,622.0,29.099458151010147,2203.7015980351107,426.0,424.0,471.0,606.0
2012-05-16,31.25,1039.0,550.0,777.0,624.0,29.099458151010147,2203.7015980351107,426.0,424.0,471.0,615.0
2012-05-23,31.4,1051.0,547.0,756.0,628.0,29.099458151010147,2203.7015980351107,426.0,424.0,471.0,612.0
2012-05-30,31.7,1057.0,542.0,782.0,622.0,29.099458151010147,2203.7015980351107,426.0,424.0,471.0,606.0
2012-06-06,31.4,1067.0,547.0,789.0,628.0,28.401556652080806,2437.516703435432,415.0,418.0,468.0,612.0
2012-06-13,31.5,1064.0,545.0,787.0,610.0,28.401556652080806,2437.516703435432,415.0,418.0,468.0,610.0
2012-06-20,31.4,1067.0,547.0,789.0,612.0,28.401556652080806,2437.516703435432,415.0,418.0,468.0,612.0
2012-06-27,31.7,1057.0,542.0,782.0,603.0,28.401556652080806,2437.516703435432,415.0,418.0,468.0,606.0
2012-07-04,31.4,1067.0,547.0,789.0,609.0,27.926174471650683,2553.616405327201,409.0,420.0,471.0,612.0
2012-07-11,31.65,1059.0,543.0,783.0,594.0,27.926174471650683,2553.616405327201,409.0,420.0,471.0,601.0
2012-07-18,31.5,1064.0,530.0,787.0,572.0,27.926174471650683,2553.616405327201,409.0,420.0,471.0,578.0
2012-07-25,31.7,1057.0,526.0,782.0,562.0,27.926174471650683,2553.616405327201,409.0,420.0,471.0,559.0
2012-08-01,31.4,1067.0,531.0,789.0,574.0,27.64296806628805,3137.8079470529788,433.0,421.0,458.0,564.0
2012-08-08,31.4,1067.0,531.0,789.0,580.0,27.64296806628805,3137.8079470529788,433.0,421.0,458.0,564.0
2012-08-15,31.4,1083.0,531.0,789.0,612.0,27.64296806628805,3137.8079470529788,433.0,421.0,458.0,564.0
2012-08-22,31.3,1087.0,533.0,792.0,620.0,27.64296806628805,3137.8079470529788,433.0,421.0,458.0,566.0
2012-08-29,31.3,1104.0,533.0,792.0,620.0,27.64296806628805,3137.8079470529788,433.0,421.0,458.0,582.0
2012-09-05,31.2,1107.0,535.0,794.0,622.0,27.45079229122055,3025.170462911461,455.0,435.0,458.0,600.0
2012-09-12,30.85,1119.0,541.0,803.0,607.0,27.45079229122055,3025.170462911461,455.0,435.0,458.0,590.0
2012-09-19,30.7,1125.0,543.0,807.0,600.0,27.45079229122055,3025.170462911461,455.0,435.0,458.0,577.0
2012-09-26,30.85,1119.0,541.0,803.0,590.0,27.45079229122055,3025.170462911461,455.0,435.0,458.0,574.0
2012-10-03,30.65,1127.0,544.0,808.0,594.0,26.975410110790428,1818.8183914654803,450.0,442.0,442.0,578.0
2012-10-10,30.65,1127.0,544.0,792.0,584.0,26.975410110790428,1818.8183914654803,450.0,442.0,442.0,571.0
2012-10-17,30.55,1130.0,546.0,794.0,612.0,26.975410110790428,1818.8183914654803,450.0,442.0,442.0,583.0
2012-10-24,30.65,1110.0,544.0,792.0,610.0,26.975410110790428,1818.8183914654803,450.0,442.0,442.0,581.0
2012-10-31,30.65,1110.0,544.0,792.0,610.0,25.852699003817147,837.8566955608748,449.0,434.0,436.0,581.0
2012-11-07,30.65,1110.0,544.0,792.0,607.0,25.852699003817147,837.8566955608748,449.0,434.0,436.0,581.0
2012-11-14,30.6,1112.0,545.0,793.0,602.0,25.852699003817147,837.8566955608748,449.0,434.0,436.0,582.0
2012-11-21,30.6,1112.0,545.0,793.0,602.0,25.852699003817147,837.8566955608748,449.0,434.0,436.0,582.0
2012-11-28,30.6,1112.0,545.0,793.0,592.0,25.852699003817147,837.8566955608748,449.0,434.0,436.0,582.0
2012-12-04,30.6,1112.0,545.0,793.0,579.0,24.183804115073084,438.5475816985295,415.0,430.0,430.0,582.0
2012-12-12,30.6,1112.0,545.0,793.0,579.0,24.183804115073084,438.5475816985295,415.0,430.0,430.0,582.0
2012-12-19,30.45,1117.0,548.0,797.0,582.0,24.183804115073084,438.5475816985295,415.0,430.0,430.0,585.0
2012-12-26,30.5,1132.0,547.0,829.0,581.0,24.183804115073084,438.5475816985295,415.0,430.0,430.0,584.0
2013-01-09,30.3,1123.0,550.0,868.0,584.0,24.05288148217112,288.54634051834586,405.0,430.0,418.0,588.0
2013-01-16,29.8,1159.0,561.0,916.0,611.0,24.05288148217112,288.54634051834586,405.0,430.0,418.0,597.0
2013-01-23,29.7,1180.0,562.0,919.0,613.0,24.05288148217112,288.54634051834586,405.0,430.0,418.0,599.0
2013-01-30,29.7,1180.0,562.0,919.0,606.0,24.05288148217112,288.54634051834586,405.0,430.0,418.0,599.0
2013-02-06,29.7,1180.0,562.0,919.0,603.0,25.749557769295222,221.3289092488548,400.0,438.0,423.0,599.0
2013-02-13,29.7,1180.0,562.0,919.0,603.0,25.749557769295222,221.3289092488548,400.0,438.0,423.0,599.0
2013-02-20,29.7,1180.0,562.0,919.0,603.0,25.749557769295222,221.3289092488548,400.0,438.0,423.0,599.0
2013-02-27,29.7,1180.0,562.0,919.0,593.0,25.749557769295222,221.3289092488548,400.0,438.0,423.0,589.0
2013-03-06,29.7,1180.0,562.0,902.0,576.0,27.87539335257425,607.994211325613,399.0,444.0,433.0,579.0
2013-03-20,29.15,1220.0,556.0,919.0,569.0,27.87539335257425,607.994211325613,399.0,444.0,433.0,573.0
2013-03-27,29.2,1218.0,547.0,917.0,569.0,27.87539335257425,607.994211325613,399.0,444.0,433.0,565.0
2013-04-03,29.3,1214.0,545.0,914.0,567.0,29.27265617726468,1185.7471814710425,383.0,441.0,427.0,563.0
2013-04-10,28.9,1230.0,553.0,927.0,567.0,29.27265617726468,1185.7471814710425,383.0,441.0,427.0,571.0
2013-04-24,28.75,1236.0,556.0,949.0,563.0,29.27265617726468,1185.7471814710425,383.0,441.0,427.0,574.0
2013-05-02,29.25,1216.0,546.0,950.0,553.0,28.71375104738851,2521.644106269023,375.0,450.0,432.0,564.0
2013-05-08,29.5,1206.0,541.0,960.0,566.0,28.71375104738851,2521.644106269023,375.0,450.0,432.0,559.0
2013-05-15,29.7,1197.0,538.0,953.0,562.0,28.71375104738851,2521.644106269023,375.0,450.0,432.0,556.0
2013-05-22,29.7,1204.0,538.0,953.0,562.0,28.71375104738851,2521.644106269023,375.0,450.0,432.0,556.0
2013-05-29,30.0,1192.0,533.0,978.0,557.0,28.71375104738851,2521.644106269023,375.0,450.0,432.0,549.0
2013-06-05,30.4,1186.0,526.0,965.0,549.0,28.025100083791077,2789.193253129512,369.0,445.0,454.0,542.0
2013-06-12,31.0,1164.0,516.0,945.0,551.0,28.025100083791077,2789.193253129512,369.0,445.0,454.0,532.0
2013-06-19,30.6,1178.0,522.0,958.0,562.0,28.025100083791077,2789.193253129512,369.0,445.0,454.0,539.0
2013-06-26,31.0,1154.0,506.0,929.0,548.0,28.025100083791077,2789.193253129512,369.0,445.0,454.0,522.0
2013-07-03,30.9,1158.0,507.0,932.0,543.0,27.556018992645004,2922.043421807524,389.0,443.0,425.0,524.0
2013-07-17,30.79,1162.0,509.0,952.0,548.0,27.556018992645004,2922.043421807524,389.0,443.0,425.0,525.0
2013-07-24,30.68,1166.0,511.0,955.0,550.0,27.556018992645004,2922.043421807524,389.0,443.0,425.0,527.0
2013-07-31,31.1,1150.0,504.0,958.0,543.0,27.27656642770691,3590.520115493504,391.0,431.0,420.0,520.0
2013-08-07,31.19,1157.0,487.0,956.0,535.0,27.27656642770691,3590.520115493504,391.0,431.0,420.0,512.0
2013-08-14,31.07,1161.0,479.0,960.0,527.0,27.27656642770691,3590.520115493504,391.0,431.0,420.0,505.0
2013-08-21,30.6,1141.0,465.0,943.0,496.0,27.27656642770691,3590.520115493504,391.0,431.0,420.0,465.0
2013-08-28,32.04,1141.0,426.0,946.0,474.0,27.27656642770691,3590.520115493504,391.0,431.0,420.0,442.0
2013-09-04,32.1,1139.0,410.0,929.0,461.0,27.086937901498928,3461.6316814679176,363.0,413.0,396.0,441.0
2013-09-11,32.05,1141.0,410.0,930.0,468.0,27.086937901498928,3461.6316814679176,363.0,413.0,396.0,442.0
2013-09-18,31.55,1160.0,401.0,945.0,469.0,27.086937901498928,3461.6316814679176,363.0,413.0,396.0,449.0
2013-09-25,31.2,1172.0,405.0,955.0,464.0,27.086937901498928,3461.6316814679176,363.0,413.0,396.0,444.0
2013-10-02,31.14,1174.0,406.0,957.0,455.0,26.61785681035285,2081.231270741021,395.0,418.0,381.0,445.0
2013-10-09,31.15,1174.0,406.0,957.0,441.0,26.61785681035285,2081.231270741021,395.0,418.0,381.0,445.0
2013-10-16,31.1,1176.0,407.0,958.0,439.0,26.61785681035285,2081.231270741021,395.0,418.0,381.0,439.0
2013-10-22,31.1,1176.0,400.0,958.0,449.0,26.61785681035285,2081.231270741021,395.0,418.0,381.0,432.0
2013-10-30,30.9,1183.0,393.0,966.0,445.0,26.61785681035285,2081.231270741021,395.0,418.0,381.0,435.0
2013-11-06,31.1,1176.0,375.0,958.0,449.0,25.510026999348288,958.739785887044,403.0,415.0,379.0,439.0
2013-11-13,31.5,1161.0,370.0,946.0,449.0,25.510026999348288,958.739785887044,403.0,415.0,379.0,433.0
2013-11-27,32.0,1143.0,364.0,932.0,475.0,25.510026999348288,958.739785887044,403.0,415.0,379.0,442.0
2013-12-04,32.1,1139.0,346.0,913.0,473.0,23.86325295596313,501.8197226406015,427.0,413.0,390.0,450.0
2013-12-11,31.9,1146.0,349.0,919.0,467.0,23.86325295596313,501.8197226406015,427.0,413.0,390.0,453.0
2013-12-18,32.1,1156.0,346.0,882.0,458.0,23.86325295596313,501.8197226406015,427.0,413.0,390.0,450.0
2014-01-08,33.0,954.0,307.0,857.0,444.0,24.14263103994041,241.2202638601579,404.0,408.0,396.0,438.0
2014-01-15,32.73,962.0,309.0,865.0,464.0,24.14263103994041,241.2202638601579,404.0,408.0,396.0,455.0
2014-01-22,32.7,963.0,310.0,866.0,464.0,24.14263103994041,241.2202638601579,404.0,408.0,396.0,455.0
2014-01-29,32.8,960.0,309.0,863.0,463.0,24.14263103994041,241.2202638601579,404.0,408.0,396.0,453.0
2014-02-08,32.65,964.0,310.0,867.0,465.0,25.84563820873289,185.02753420120123,398.0,419.0,398.0,456.0
2014-02-12,32.55,967.0,311.0,870.0,467.0,25.84563820873289,185.02753420120123,398.0,419.0,398.0,460.0
2014-02-19,32.37,972.0,313.0,875.0,469.0,25.84563820873289,185.02753420120123,398.0,419.0,398.0,463.0
2014-02-26,32.32,974.0,310.0,876.0,470.0,25.84563820873289,185.02753420120123,398.0,419.0,398.0,458.0
2014-03-05,32.24,976.0,311.0,878.0,456.0,27.979406014337584,508.2737276028224,388.0,419.0,400.0,448.0
2014-03-12,32.11,964.0,312.0,866.0,441.0,27.979406014337584,508.2737276028224,388.0,419.0,400.0,435.0
2014-03-19,31.88,956.0,314.0,872.0,413.0,27.979406014337584,508.2737276028224,388.0,419.0,400.0,413.0
2014-03-26,32.34,941.0,310.0,860.0,401.0,27.979406014337584,508.2737276028224,388.0,419.0,400.0,391.0
2014-04-02,32.15,948.0,312.0,833.0,409.0,29.381882506284324,991.2662467736192,388.0,429.0,410.0,394.0
2014-04-09,31.96,953.0,310.0,791.0,418.0,29.381882506284324,991.2662467736192,388.0,429.0,410.0,396.0
2014-04-23,32.14,948.0,299.0,755.0,425.0,29.381882506284324,991.2662467736192,388.0,429.0,410.0,394.0
2014-04-30,32.05,951.0,300.0,725.0,420.0,29.381882506284324,991.2662467736192,388.0,429.0,410.0,395.0
2014-05-08,32.19,947.0,299.0,722.0,421.0,28.82089190950563,2108.0553493865973,403.0,422.0,423.0,393.0
2014-05-14,32.3,942.0,298.0,814.0,417.0,28.82089190950563,2108.0553493865973,403.0,422.0,423.0,389.0
2014-05-21,32.25,945.0,298.0,830.0,417.0,28.82089190950563,2108.0553493865973,403.0,422.0,423.0,386.0
2014-05-28,32.44,938.0,297.0,841.0,415.0,28.82089190950563,2108.0553493865973,403.0,422.0,423.0,384.0
2014-06-04,32.43,939.0,312.0,841.0,421.0,28.129671352760443,2331.7222851214624,405.0,425.0,438.0,390.0
2014-06-11,32.3,959.0,313.0,845.0,423.0,28.129671352760443,2331.7222851214624,405.0,425.0,438.0,392.0
2014-06-18,32.27,983.0,314.0,845.0,429.0,28.129671352760443,2331.7222851214624,405.0,425.0,438.0,398.0
2014-06-25,32.23,992.0,314.0,847.0,439.0,28.129671352760443,2331.7222851214624,405.0,425.0,438.0,408.0
2014-07-02,32.14,996.0,315.0,849.0,434.0,27.65883995903547,2442.782964958222,431.0,432.0,441.0,409.0
2014-07-09,32.1,997.0,315.0,850.0,435.0,27.65883995903547,2442.782964958222,431.0,432.0,441.0,410.0
2014-07-16,31.94,1017.0,333.0,854.0,449.0,27.65883995903547,2442.782964958222,431.0,432.0,441.0,427.0
2014-07-23,31.54,1030.0,337.0,866.0,456.0,27.65883995903547,2442.782964958222,431.0,432.0,441.0,433.0
2014-07-30,31.6,1028.0,336.0,864.0,455.0,27.65883995903547,2442.782964958222,431.0,432.0,441.0,432.0
2014-08-06,31.93,1018.0,342.0,887.0,450.0,27.378344660646118,3001.6191094250958,455.0,439.0,439.0,443.0
2014-08-14,31.68,1026.0,345.0,894.0,453.0,27.378344660646118,3001.6191094250958,455.0,439.0,439.0,447.0
2014-08-20,31.68,1033.0,345.0,894.0,453.0,27.378344660646118,3001.6191094250958,455.0,439.0,439.0,447.0
2014-08-27,31.66,1034.0,345.0,894.0,447.0,27.378344660646118,3001.6191094250958,455.0,439.0,439.0,441.0
2014-09-03,31.85,1028.0,333.0,889.0,435.0,27.188008565310486,2893.8703782912216,448.0,434.0,430.0,422.0
2014-09-10,31.86,1028.0,333.0,889.0,435.0,27.188008565310486,2893.8703782912216,448.0,434.0,430.0,432.0
2014-09-17,31.97,1024.0,332.0,886.0,433.0,27.188008565310486,2893.8703782912216,448.0,434.0,430.0,433.0
2014-09-24,32.01,1023.0,347.0,885.0,442.0,27.188008565310486,2893.8703782912216,448.0,434.0,430.0,442.0
2014-10-01,32.2,1017.0,345.0,879.0,433.0,26.717177171585508,1739.87705191583,440.0,409.0,400.0,433.0
2014-10-08,32.39,1011.0,343.0,842.0,431.0,26.717177171585508,1739.87705191583,440.0,409.0,400.0,428.0
2014-10-15,32.28,1015.0,345.0,845.0,432.0,26.717177171585508,1739.87705191583,440.0,409.0,400.0,429.0
2014-10-22,32.04,1022.0,347.0,851.0,432.0,26.717177171585508,1739.87705191583,440.0,409.0,400.0,426.0
2014-10-29,32.23,1016.0,345.0,847.0,424.0,26.717177171585508,1739.87705191583,440.0,409.0,400.0,424.0
2014-11-05,32.43,1041.0,343.0,841.0,421.0,25.6052136672563,801.491586098282,420.0,398.0,395.0,421.0
2014-11-12,32.62,1035.0,335.0,836.0,419.0,25.6052136672563,801.491586098282,420.0,398.0,395.0,413.0
2014-11-26,32.52,1038.0,336.0,839.0,420.0,25.6052136672563,801.491586098282,420.0,398.0,395.0,420.0
2014-12-03,32.65,1034.0,335.0,805.0,418.0,23.95229494460478,419.513502365492,392.0,393.0,382.0,418.0
2014-12-11,32.55,1037.0,329.0,777.0,416.0,23.95229494460478,419.513502365492,392.0,393.0,382.0,420.0
2014-12-17,32.8,1029.0,327.0,771.0,419.0,23.95229494460478,419.513502365492,392.0,393.0,382.0,416.0
2014-12-24,32.65,1034.0,335.0,836.0,421.0,23.95229494460478,419.513502365492,392.0,393.0,382.0,418.0
2015-01-07,32.67,948.0,328.0,805.0,415.0,24.501629271017595,232.72382303495436,374.0,393.0,373.0,418.0
2015-01-14,32.57,951.0,329.0,807.0,422.0,24.501629271017595,232.72382303495436,374.0,393.0,373.0,419.0
2015-01-21,32.48,954.0,330.0,809.0,430.0,24.501629271017595,232.72382303495436,374.0,393.0,373.0,420.0
2015-01-28,32.36,957.0,331.0,812.0,431.0,24.501629271017595,232.72382303495436,374.0,393.0,373.0,422.0
2015-02-03,32.29,959.0,332.0,814.0,432.0,26.22995996648357,178.5103557924867,355.0,394.0,349.0,423.0
2015-02-11,32.4,956.0,331.0,811.0,431.0,26.22995996648357,178.5103557924867,355.0,394.0,349.0,421.0
2015-02-25,32.32,926.0,329.0,813.0,426.0,26.22995996648357,178.5103557924867,355.0,394.0,349.0,416.0
2015-03-03,32.12,932.0,331.0,818.0,428.0,28.39545666139093,490.37092963520814,367.0,388.0,354.0,419.0
2015-03-11,32.42,924.0,328.0,811.0,421.0,28.39545666139093,490.37092963520814,367.0,388.0,354.0,415.0
2015-03-18,32.66,917.0,328.0,774.0,409.0,28.39545666139093,490.37092963520814,367.0,388.0,354.0,403.0
2015-03-25,32.28,927.0,332.0,783.0,408.0,28.39545666139093,490.37092963520814,367.0,388.0,354.0,401.0
2015-04-01,32.26,928.0,332.0,784.0,402.0,29.818787822362903,956.3511244992472,358.0,373.0,377.0,402.0
2015-04-08,32.32,926.0,332.0,782.0,401.0,29.818787822362903,956.3511244992472,358.0,373.0,377.0,401.0
2015-04-22,32.14,931.0,334.0,787.0,403.0,29.818787822362903,956.3511244992472,358.0,373.0,377.0,400.0
2015-04-29,32.43,923.0,331.0,795.0,396.0,29.818787822362903,956.3511244992472,358.0,373.0,377.0,393.0
2015-05-13,33.45,896.0,321.0,801.0,384.0,29.24945535797412,2033.8038447837316,355.0,373.0,388.0,381.0
2015-05-27,33.57,877.0,325.0,798.0,383.0,29.24945535797412,2033.8038447837316,355.0,373.0,388.0,380.0
2015-06-03,33.43,880.0,327.0,801.0,385.0,28.547956428637924,2249.592616165341,353.0,374.0,393.0,379.0
2015-06-10,33.44,865.0,327.0,786.0,379.0,28.547956428637924,2249.592616165341,353.0,374.0,393.0,373.0
2015-06-17,33.43,865.0,327.0,786.0,379.0,28.547956428637924,2249.592616165341,353.0,374.0,393.0,373.0
2015-06-24,33.55,862.0,326.0,769.0,386.0,28.547956428637924,2249.592616165341,353.0,374.0,393.0,380.0
2015-07-01,33.52,863.0,326.0,770.0,387.0,28.07012382459733,2356.741433544364,350.0,387.0,380.0,381.0
2015-07-08,33.77,886.0,324.0,823.0,399.0,28.07012382459733,2356.741433544364,350.0,387.0,380.0,390.0
2015-07-15,33.82,916.0,323.0,837.0,410.0,28.07012382459733,2356.741433544364,350.0,387.0,380.0,404.0
2015-07-21,34.25,904.0,319.0,826.0,405.0,28.07012382459733,2356.741433544364,350.0,387.0,380.0,399.0
2015-07-29,34.66,894.0,315.0,817.0,394.0,28.07012382459733,2356.741433544364,350.0,387.0,380.0,388.0
2015-08-05,34.89,887.0,322.0,811.0,392.0,27.78545759240294,2895.89383272191,343.0,363.0,345.0,377.0
2015-08-13,34.95,871.0,327.0,810.0,388.0,27.78545759240294,2895.89383272191,343.0,363.0,345.0,377.0
2015-08-19,35.36,847.0,323.0,786.0,384.0,27.78545759240294,2895.89383272191,343.0,363.0,345.0,370.0
2015-08-26,35.41,846.0,323.0,785.0,383.0,27.78545759240294,2895.89383272191,343.0,363.0,345.0,369.0
2015-09-02,35.52,843.0,322.0,783.0,376.0,27.592291220556746,2791.9403081076694,329.0,366.0,320.0,368.0
2015-09-09,35.77,837.0,314.0,778.0,368.0,27.592291220556746,2791.9403081076694,329.0,366.0,320.0,360.0
2015-09-15,35.75,823.0,314.0,792.0,363.0,27.592291220556746,2791.9403081076694,329.0,366.0,320.0,354.0
2015-09-23,35.93,819.0,313.0,788.0,361.0,27.592291220556746,2791.9403081076694,329.0,366.0,320.0,352.0
2015-09-30,36.11,815.0,311.0,784.0,359.0,27.592291220556746,2791.9403081076694,329.0,366.0,320.0,350.0
2015-10-07,35.7,824.0,320.0,793.0,374.0,27.114458616516156,1678.5937990988011,364.0,355.0,311.0,372.0
2015-10-14,35.38,832.0,323.0,800.0,378.0,27.114458616516156,1678.5937990988011,364.0,355.0,311.0,375.0
2015-10-21,35.14,837.0,331.0,806.0,380.0,27.114458616516156,1678.5937990988011,364.0,355.0,311.0,375.0
2015-10-28,35.28,820.0,330.0,802.0,376.0,27.114458616516156,1678.5937990988011,364.0,355.0,311.0,370.0
2015-11-04,35.25,820.0,330.0,803.0,374.0,25.98596033888837,773.2608490772395,376.0,350.0,323.0,371.0
2015-11-09,35.57,813.0,327.0,796.0,367.0,25.98596033888837,773.2608490772395,376.0,350.0,323.0,367.0
2015-11-18,35.77,809.0,325.0,791.0,371.0,25.98596033888837,773.2608490772395,376.0,350.0,323.0,365.0
2015-11-25,35.42,817.0,334.0,771.0,372.0,25.98596033888837,773.2608490772395,376.0,350.0,323.0,369.0
2015-12-02,35.55,814.0,333.0,768.0,368.0,24.3084628991714,404.737083539051,377.0,357.0,334.0,368.0
2015-12-09,35.67,782.0,332.0,766.0,364.0,24.3084628991714,404.737083539051,377.0,357.0,334.0,366.0
2015-12-16,35.74,780.0,331.0,792.0,363.0,24.3084628991714,404.737083539051,377.0,357.0,334.0,360.0
2015-12-23,35.83,779.0,330.0,790.0,362.0,24.3084628991714,404.737083539051,377.0,357.0,334.0,356.0
2016-01-06,35.98,733.0,329.0,815.0,372.0,24.60035378456382,262.229495840859,359.0,360.0,340.0,366.0
2016-01-13,36.02,732.0,329.0,814.0,371.0,24.60035378456382,262.229495840859,359.0,360.0,340.0,366.0
2016-01-20,36.04,731.0,328.0,813.0,377.0,24.60035378456382,262.229495840859,359.0,360.0,340.0,365.0
2016-01-27,35.58,766.0,337.0,828.0,389.0,24.60035378456382,262.229495840859,359.0,360.0,340.0,380.0
2016-02-03,35.56,752.0,337.0,829.0,389.0,26.335648449865,201.1426247273592,354.0,363.0,345.0,383.0
2016-02-10,35.15,761.0,341.0,838.0,393.0,26.335648449865,201.1426247273592,354.0,363.0,345.0,388.0
2016-02-17,35.41,741.0,339.0,818.0,391.0,26.335648449865,201.1426247273592,354.0,363.0,345.0,382.0
2016-02-24,35.47,725.0,338.0,817.0,390.0,26.335648449865,201.1426247273592,354.0,363.0,345.0,382.0
2016-03-02,35.36,727.0,339.0,819.0,388.0,28.509870589330603,552.5421505040342,381.0,370.0,340.0,380.0
2016-03-09,35.1,732.0,342.0,825.0,388.0,28.509870589330603,552.5421505040342,381.0,370.0,340.0,383.0
2016-03-16,34.8,740.0,345.0,832.0,392.0,28.509870589330603,552.5421505040342,381.0,370.0,340.0,386.0
2016-03-23,34.78,740.0,345.0,847.0,395.0,28.509870589330603,552.5421505040342,381.0,370.0,340.0,386.0
2016-03-30,35.0,720.0,343.0,842.0,395.0,28.509870589330603,552.5421505040342,381.0,370.0,340.0,384.0
2016-04-08,34.94,721.0,352.0,859.0,399.0,29.93893678428451,1077.6012096819557,374.0,373.0,346.0,390.0
2016-04-20,34.62,728.0,356.0,867.0,405.0,29.93893678428451,1077.6012096819557,374.0,373.0,346.0,397.0
2016-04-27,34.92,722.0,352.0,874.0,410.0,29.93893678428451,1077.6012096819557,374.0,373.0,346.0,399.0
2016-05-11,34.94,721.0,359.0,902.0,439.0,29.36731030630295,2291.6577680005503,376.0,380.0,391.0,424.0
2016-05-18,35.32,743.0,355.0,892.0,448.0,29.36731030630295,2291.6577680005503,376.0,380.0,391.0,434.0
2016-05-25,35.47,754.0,352.0,888.0,446.0,29.36731030630295,2291.6577680005503,376.0,380.0,391.0,441.0
2016-06-01,35.47,768.0,352.0,860.0,446.0,28.66298482450423,2534.8051174621432,374.0,385.0,410.0,441.0
2016-06-08,34.98,779.0,358.0,872.0,453.0,28.66298482450423,2534.8051174621432,374.0,385.0,410.0,441.0
2016-06-15,35.1,776.0,357.0,869.0,451.0,28.66298482450423,2534.8051174621432,374.0,385.0,410.0,440.0
2016-06-22,35.0,764.0,358.0,856.0,468.0,28.66298482450423,2534.8051174621432,374.0,385.0,410.0,441.0
2016-06-29,35.0,764.0,361.0,856.0,482.0,28.66298482450423,2534.8051174621432,374.0,385.0,410.0,441.0
2016-07-06,34.99,764.0,361.0,857.0,496.0,28.183226887626848,2655.5386976982554,377.0,390.0,405.0,441.0
2016-07-13,34.95,751.0,361.0,873.0,497.0,28.183226887626848,2655.5386976982554,377.0,390.0,405.0,441.0
2016-07-20,34.8,754.0,363.0,877.0,493.0,28.183226887626848,2655.5386976982554,377.0,390.0,405.0,443.0
2016-08-03,34.54,745.0,366.0,853.0,474.0,27.89741364863606,3263.047030854515,350.0,382.0,363.0,447.0
2016-08-10,34.55,715.0,371.0,853.0,444.0,27.89741364863606,3263.047030854515,350.0,382.0,363.0,432.0
2016-08-17,34.37,719.0,373.0,857.0,431.0,27.89741364863606,3263.047030854515,350.0,382.0,363.0,420.0
2016-08-24,34.39,718.0,358.0,857.0,402.0,27.89741364863606,3263.047030854515,350.0,382.0,363.0,388.0
2016-08-31,34.35,719.0,359.0,873.0,403.0,27.70346895074946,3145.9138555956238,334.0,359.0,333.0,388.0
2016-09-07,34.33,719.0,359.0,874.0,403.0,27.70346895074946,3145.9138555956238,334.0,359.0,333.0,388.0
2016-09-14,34.68,712.0,355.0,865.0,393.0,27.70346895074946,3145.9138555956238,334.0,359.0,333.0,384.0
2016-09-21,34.53,701.0,357.0,869.0,395.0,27.70346895074946,3145.9138555956238,334.0,359.0,333.0,386.0
2016-09-28,34.35,704.0,359.0,873.0,388.0,27.70346895074946,3145.9138555956238,334.0,359.0,333.0,379.0
2016-10-05,34.51,701.0,357.0,854.0,386.0,27.22371101387208,1891.4127480329237,345.0,350.0,343.0,372.0
2016-10-12,35.24,686.0,343.0,808.0,378.0,27.22371101387208,1891.4127480329237,345.0,350.0,343.0,364.0
2016-10-19,34.67,668.0,349.0,821.0,384.0,27.22371101387208,1891.4127480329237,345.0,350.0,343.0,370.0
2016-10-26,34.74,667.0,348.0,819.0,384.0,27.22371101387208,1891.4127480329237,345.0,350.0,343.0,369.0
2016-11-16,35.15,659.0,333.0,796.0,365.0,26.090665673587186,871.2980044872477,345.0,351.0,353.0,356.0
2016-11-23,35.23,658.0,332.0,808.0,364.0,26.090665673587186,871.2980044872477,345.0,351.0,353.0,364.0
2016-11-30,35.37,655.0,331.0,777.0,380.0,26.090665673587186,871.2980044872477,345.0,351.0,353.0,374.0
2016-12-07,35.4,669.0,330.0,776.0,379.0,24.40640908667721,456.05129711453736,337.0,353.0,352.0,374.0
2016-12-14,35.3,671.0,334.0,778.0,380.0,24.40640908667721,456.05129711453736,337.0,353.0,352.0,375.0
2016-12-21,35.77,662.0,330.0,768.0,387.0,24.40640908667721,456.05129711453736,337.0,353.0,352.0,370.0
2017-01-11,35.33,642.0,334.0,778.0,391.0,24.169555907271203,325.3129061490292,340.0,366.0,381.0,377.0
2017-01-18,35.04,647.0,337.0,784.0,392.0,24.169555907271203,325.3129061490292,340.0,366.0,381.0,380.0
2017-01-25,34.98,648.0,337.0,785.0,387.0,24.169555907271203,325.3129061490292,340.0,366.0,381.0,375.0
2017-02-03,34.98,651.0,339.0,760.0,389.0,25.874462340564197,249.5306319019556,353.0,379.0,390.0,377.0
2017-02-08,34.78,652.0,339.0,761.0,380.0,25.874462340564197,249.5306319019556,353.0,379.0,390.0,360.0
2017-02-15,34.77,652.0,339.0,761.0,372.0,25.874462340564197,249.5306319019556,353.0,379.0,390.0,363.0
2017-02-22,34.75,652.0,339.0,732.0,378.0,25.874462340564197,249.5306319019556,353.0,379.0,390.0,369.0
2017-03-01,34.72,638.0,340.0,733.0,378.0,25.874462340564197,249.5306319019556,353.0,379.0,390.0,369.0
2017-03-08,34.72,635.0,338.0,701.0,377.0,28.010609812866583,685.4648146041786,357.0,387.0,378.0,368.0
2017-03-15,35.02,632.0,337.0,698.0,372.0,28.010609812866583,685.4648146041786,357.0,387.0,378.0,366.0
2017-03-22,34.43,644.0,343.0,710.0,373.0,28.010609812866583,685.4648146041786,357.0,387.0,378.0,373.0
2017-03-29,34.27,647.0,344.0,713.0,374.0,28.010609812866583,685.4648146041786,357.0,387.0,378.0,374.0
2017-04-05,34.26,647.0,344.0,713.0,374.0,29.41465040499022,1336.8350500284362,350.0,389.0,393.0,374.0
2017-04-12,34.27,647.0,330.0,713.0,380.0,29.41465040499022,1336.8350500284362,350.0,389.0,393.0,374.0
2017-04-19,34.05,651.0,332.0,717.0,388.0,29.41465040499022,1336.8350500284362,350.0,389.0,393.0,383.0
2017-04-26,34.16,663.0,322.0,715.0,393.0,29.41465040499022,1336.8350500284362,350.0,389.0,393.0,387.0
2017-05-03,34.17,663.0,322.0,715.0,405.0,28.853034168140766,2842.9519189545595,360.0,394.0,419.0,393.0
2017-05-17,34.21,662.0,321.0,714.0,425.0,28.853034168140766,2842.9519189545595,360.0,394.0,419.0,419.0
2017-05-24,34.18,693.0,322.0,700.0,440.0,28.853034168140766,2842.9519189545595,360.0,394.0,419.0,434.0
2017-05-30,33.85,715.0,331.0,707.0,453.0,28.853034168140766,2842.9519189545595,360.0,394.0,419.0,438.0
2017-06-07,33.72,763.0,341.0,710.0,464.0,28.161042733451254,3144.592169690456,405.0,413.0,434.0,455.0
2017-06-14,33.64,765.0,342.0,711.0,480.0,28.161042733451254,3144.592169690456,405.0,413.0,434.0,462.0
2017-06-21,33.77,792.0,334.0,709.0,484.0,28.161042733451254,3144.592169690456,405.0,413.0,434.0,461.0
2017-06-28,33.74,793.0,335.0,709.0,476.0,28.161042733451254,3144.592169690456,405.0,413.0,434.0,455.0
2017-07-05,33.75,793.0,335.0,709.0,461.0,27.689686248952608,3294.3701026817253,408.0,413.0,431.0,439.0
2017-07-12,33.75,793.0,335.0,694.0,430.0,27.689686248952608,3294.3701026817253,408.0,413.0,431.0,410.0
2017-07-19,33.37,832.0,338.0,702.0,420.0,27.689686248952608,3294.3701026817253,408.0,413.0,431.0,408.0
2017-07-26,33.23,835.0,340.0,705.0,422.0,27.689686248952608,3294.3701026817253,408.0,413.0,431.0,410.0
2017-08-02,33.04,840.0,342.0,709.0,409.0,27.40887813052788,4048.0240756457456,400.0,410.0,394.0,397.0
2017-08-09,33.02,871.0,342.0,709.0,410.0,27.40887813052788,4048.0240756457456,400.0,410.0,394.0,397.0
2017-08-16,33.04,902.0,336.0,679.0,403.0,27.40887813052788,4048.0240756457456,400.0,410.0,394.0,391.0
2017-08-23,32.98,997.0,336.0,695.0,404.0,27.40887813052788,4048.0240756457456,400.0,410.0,394.0,392.0
2017-08-30,32.93,1029.0,337.0,711.0,398.0,27.40887813052788,4048.0240756457456,400.0,410.0,394.0,386.0
2017-09-06,32.89,1046.0,337.0,742.0,411.0,27.21832976445396,3902.712681411672,385.0,406.0,393.0,390.0
2017-09-13,32.84,1048.0,338.0,713.0,412.0,27.21832976445396,3902.712681411672,385.0,406.0,393.0,400.0
2017-09-20,32.82,1032.0,338.0,698.0,436.0,27.21832976445396,3902.712681411672,385.0,406.0,393.0,415.0
2017-09-27,33.01,996.0,333.0,664.0,419.0,27.21832976445396,3902.712681411672,385.0,406.0,393.0,404.0
2017-10-04,33.08,963.0,326.0,647.0,418.0,26.74697327995531,2346.421693779725,396.0,398.0,376.0,397.0
2017-10-11,32.95,951.0,327.0,649.0,419.0,26.74697327995531,2346.421693779725,396.0,398.0,376.0,392.0
2017-10-18,32.82,955.0,329.0,621.0,421.0,26.74697327995531,2346.421693779725,396.0,398.0,376.0,394.0
2017-10-25,32.93,952.0,328.0,619.0,420.0,26.74697327995531,2346.421693779725,396.0,398.0,376.0,392.0
2017-11-09,32.85,969.0,328.0,651.0,421.0,25.63376966762871,1080.902379241168,403.0,386.0,381.0,393.0
2017-11-15,32.75,971.0,329.0,652.0,409.0,25.63376966762871,1080.902379241168,403.0,386.0,381.0,394.0
2017-11-22,32.5,979.0,332.0,659.0,425.0,25.63376966762871,1080.902379241168,403.0,386.0,381.0,410.0
2017-11-29,32.34,1016.0,334.0,662.0,427.0,25.63376966762871,1080.902379241168,403.0,386.0,381.0,412.0
2017-12-06,32.33,1016.0,340.0,662.0,427.0,23.97900754119728,565.7615759113551,390.0,390.0,377.0,412.0
2017-12-13,32.34,1016.0,340.0,662.0,424.0,23.97900754119728,565.7615759113551,390.0,390.0,377.0,406.0
2017-12-20,32.47,1012.0,338.0,660.0,423.0,23.97900754119728,565.7615759113551,390.0,390.0,377.0,404.0
2017-12-27,32.57,1009.0,337.0,673.0,421.0,23.97900754119728,565.7615759113551,390.0,390.0,377.0,403.0
2018-01-10,31.99,1043.0,347.0,685.0,432.0,24.160580951494275,257.86575005155964,417.0,398.0,395.0,416.0
2018-01-17,31.71,1053.0,350.0,723.0,451.0,24.160580951494275,257.86575005155964,417.0,398.0,395.0,436.0
2018-01-24,31.45,1110.0,360.0,761.0,463.0,24.160580951494275,257.86575005155964,417.0,398.0,395.0,456.0
2018-01-31,31.45,1137.0,363.0,769.0,461.0,25.864854296620425,197.79542200751217,423.0,414.0,392.0,461.0
2018-02-07,31.2,1135.0,363.0,767.0,449.0,25.864854296620425,197.79542200751217,423.0,414.0,392.0,443.0
2018-02-14,31.12,1138.0,364.0,769.0,441.0,25.864854296620425,197.79542200751217,423.0,414.0,392.0,428.0
2018-02-21,31.27,1132.0,362.0,749.0,426.0,25.864854296620425,197.79542200751217,423.0,414.0,392.0,413.0
2018-02-28,31.2,1135.0,369.0,734.0,420.0,25.864854296620425,197.79542200751217,423.0,414.0,392.0,414.0
2018-03-07,31.08,1139.0,374.0,705.0,428.0,28.000208546690253,543.34732871276,419.0,410.0,403.0,428.0
2018-03-14,30.95,1144.0,375.0,692.0,430.0,28.000208546690253,543.34732871276,419.0,410.0,403.0,424.0
2018-03-21,30.95,1144.0,382.0,675.0,430.0,28.000208546690253,543.34732871276,419.0,410.0,403.0,430.0
2018-03-28,30.95,1144.0,382.0,675.0,437.0,28.000208546690253,543.34732871276,419.0,410.0,403.0,437.0
2018-04-04,30.97,1143.0,381.0,675.0,446.0,29.403727772088256,1059.6689106237775,435.0,410.0,420.0,446.0
2018-04-11,30.94,1144.0,382.0,676.0,446.0,29.403727772088256,1059.6689106237775,435.0,410.0,420.0,446.0
2018-04-18,30.96,1143.0,382.0,675.0,453.0,29.403727772088256,1059.6689106237775,435.0,410.0,420.0,453.0
2018-04-25,31.25,1150.0,394.0,685.0,448.0,29.403727772088256,1059.6689106237775,435.0,410.0,420.0,459.0
2018-05-02,31.47,1158.0,391.0,696.0,445.0,28.842320081929056,2253.5224243636303,456.0,415.0,447.0,456.0
2018-05-09,31.82,1161.0,387.0,704.0,437.0,28.842320081929056,2253.5224243636303,456.0,415.0,447.0,450.0
2018-05-16,31.86,1191.0,387.0,719.0,437.0,28.842320081929056,2253.5224243636303,456.0,415.0,447.0,449.0
2018-05-23,31.81,1225.0,387.0,720.0,438.0,28.842320081929056,2253.5224243636303,456.0,415.0,447.0,450.0
2018-05-30,31.89,1238.0,386.0,719.0,436.0,28.842320081929056,2253.5224243636303,456.0,415.0,447.0,449.0
2018-06-06,31.67,1263.0,383.0,708.0,439.0,28.15058560655432,2492.623572924024,448.0,410.0,444.0,446.0
2018-06-13,31.85,1240.0,380.0,704.0,434.0,28.15058560655432,2492.623572924024,448.0,410.0,444.0,437.0
2018-06-20,32.45,1185.0,373.0,675.0,420.0,28.15058560655432,2492.623572924024,448.0,410.0,444.0,414.0
2018-06-27,32.74,1143.0,370.0,669.0,410.0,28.15058560655432,2492.623572924024,448.0,410.0,444.0,410.0
2018-07-04,32.87,1124.0,366.0,667.0,399.0,27.679404152313563,2611.348032673163,399.0,406.0,414.0,402.0
2018-07-11,32.99,1120.0,364.0,664.0,398.0,27.679404152313563,2611.348032673163,399.0,406.0,414.0,398.0
2018-07-18,33.08,1117.0,363.0,663.0,397.0,27.679404152313563,2611.348032673163,399.0,406.0,414.0,397.0
2018-07-25,33.13,1115.0,357.0,662.0,396.0,27.679404152313563,2611.348032673163,399.0,406.0,414.0,396.0
2018-08-01,32.92,1122.0,359.0,666.0,399.0,27.39870030723396,3208.7468549894074,396.0,398.0,405.0,399.0
2018-08-08,32.97,1120.0,342.0,665.0,404.0,27.39870030723396,3208.7468549894074,396.0,398.0,405.0,404.0
2018-08-15,33.1,1116.0,344.0,677.0,402.0,27.39870030723396,3208.7468549894074,396.0,398.0,405.0,402.0
2018-08-22,32.45,1138.0,351.0,691.0,410.0,27.39870030723396,3208.7468549894074,396.0,398.0,405.0,410.0
2018-08-29,32.43,1139.0,351.0,691.0,411.0,27.39870030723396,3208.7468549894074,396.0,398.0,405.0,411.0
2018-09-05,32.52,1136.0,350.0,705.0,407.0,27.2082226980728,3093.562886087658,396.0,388.0,388.0,403.0
2018-09-12,32.53,1135.0,350.0,705.0,406.0,27.2082226980728,3093.562886087658,396.0,388.0,388.0,403.0
2018-09-19,32.33,1142.0,352.0,709.0,409.0,27.2082226980728,3093.562886087658,396.0,388.0,388.0,406.0
2018-09-26,32.17,1117.0,355.0,712.0,411.0,27.2082226980728,3093.562886087658,396.0,388.0,388.0,408.0
2018-10-03,32.11,1119.0,356.0,714.0,412.0,26.73704124383205,1859.93785849546,409.0,371.0,385.0,409.0
2018-10-17,32.27,1113.0,360.0,710.0,410.0,26.73704124383205,1859.93785849546,409.0,371.0,385.0,413.0
2018-10-24,32.53,1105.0,357.0,720.0,406.0,26.73704124383205,1859.93785849546,409.0,371.0,385.0,409.0
2018-10-31,33.02,1119.0,351.0,709.0,400.0,25.62425100083791,856.7987850683401,413.0,370.0,364.0,403.0
2018-11-07,32.65,1116.0,356.0,717.0,405.0,25.62425100083791,856.7987850683401,413.0,370.0,364.0,402.0
2018-11-14,32.64,1116.0,356.0,717.0,405.0,25.62425100083791,856.7987850683401,413.0,370.0,364.0,402.0
2018-11-21,32.75,1113.0,355.0,715.0,404.0,25.62425100083791,856.7987850683401,413.0,370.0,364.0,401.0
2018-11-28,32.78,1112.0,361.0,714.0,403.0,25.62425100083791,856.7987850683401,413.0,370.0,364.0,400.0
2018-12-06,32.55,1119.0,363.0,719.0,406.0,23.970103342333115,448.46217400271246,396.0,373.0,357.0,403.0
2018-12-12,32.49,1121.0,364.0,721.0,407.0,23.970103342333115,448.46217400271246,396.0,373.0,357.0,404.0
2018-12-19,32.45,1123.0,364.0,752.0,404.0,23.970103342333115,448.46217400271246,396.0,373.0,357.0,404.0
2018-12-26,32.33,1127.0,369.0,755.0,406.0,23.970103342333115,448.46217400271246,396.0,373.0,357.0,403.0
2019-01-09,31.77,1146.0,375.0,801.0,413.0,24.67215343077925,214.41837646632385,359.0,374.0,350.0,410.0
2019-01-16,31.6,1153.0,377.0,837.0,415.0,24.67215343077925,214.41837646632385,359.0,374.0,350.0,409.0
2019-01-23,31.48,1158.0,379.0,840.0,420.0,24.67215343077925,214.41837646632385,359.0,374.0,350.0,410.0
2019-01-30,31.25,1166.0,381.0,846.0,420.0,24.67215343077925,214.41837646632385,359.0,374.0,350.0,410.0
2019-02-13,30.99,1175.0,378.0,853.0,417.0,26.412512801415136,164.4691986075784,344.0,370.0,351.0,410.0
2019-02-20,30.87,1180.0,379.0,856.0,418.0,26.412512801415136,164.4691986075784,344.0,370.0,351.0,412.0
2019-02-27,31.12,1171.0,373.0,850.0,412.0,26.412512801415136,164.4691986075784,344.0,370.0,351.0,402.0
2019-03-06,31.57,1154.0,371.0,838.0,406.0,28.59308071874127,451.7996362704599,350.0,370.0,355.0,400.0
2019-03-13,31.38,1144.0,373.0,843.0,408.0,28.59308071874127,451.7996362704599,350.0,370.0,355.0,405.0
2019-03-20,31.44,1142.0,376.0,857.0,414.0,28.59308071874127,451.7996362704599,350.0,370.0,355.0,408.0
2019-03-27,31.46,1141.0,376.0,873.0,417.0,28.59308071874127,451.7996362704599,350.0,370.0,355.0,411.0
2019-04-03,31.48,1141.0,375.0,904.0,423.0,30.026317847500223,881.1270491034882,362.0,375.0,362.0,417.0
2019-04-10,31.54,1139.0,375.0,903.0,416.0,30.026317847500223,881.1270491034882,362.0,375.0,362.0,416.0
2019-04-24,31.77,1130.0,372.0,928.0,413.0,30.026317847500223,881.1270491034882,362.0,375.0,362.0,407.0
2019-04-30,31.67,1134.0,373.0,979.0,414.0,30.026317847500223,881.1270491034882,362.0,375.0,362.0,408.0
2019-05-08,31.57,1137.0,374.0,998.0,415.0,29.453022995996644,1873.8301595535252,371.0,375.0,368.0,409.0
2019-05-15,31.3,1148.0,377.0,1006.0,419.0,29.453022995996644,1873.8301595535252,371.0,375.0,368.0,413.0
2019-05-22,31.75,1131.0,372.0,992.0,413.0,29.453022995996644,1873.8301595535252,371.0,375.0,368.0,407.0
2019-06-05,31.15,1153.0,379.0,1011.0,421.0,28.74664183967972,2072.645551187746,335.0,375.0,367.0,415.0
2019-06-12,30.99,1142.0,381.0,1016.0,423.0,28.74664183967972,2072.645551187746,335.0,375.0,367.0,417.0
2019-06-19,30.89,1126.0,381.0,1017.0,427.0,28.74664183967972,2072.645551187746,335.0,375.0,367.0,420.0
2019-06-26,30.57,1125.0,386.0,1030.0,429.0,28.74664183967972,2072.645551187746,335.0,375.0,367.0,426.0
2019-07-03,30.31,1134.0,390.0,1039.0,426.0,28.26548366073922,2171.366323144324,335.0,371.0,357.0,419.0
2019-07-10,30.6,1107.0,386.0,1029.0,419.0,28.26548366073922,2171.366323144324,335.0,371.0,357.0,412.0
2019-07-17,30.63,1106.0,386.0,1062.0,418.0,28.26548366073922,2171.366323144324,335.0,371.0,357.0,412.0
2019-07-24,30.63,1139.0,386.0,1127.0,422.0,28.26548366073922,2171.366323144324,335.0,371.0,357.0,415.0
2019-07-31,30.53,1160.0,387.0,1264.0,423.0,27.978836234987423,2668.1104062896466,344.0,372.0,366.0,420.0
2019-08-07,30.49,1178.0,387.0,1365.0,430.0,27.978836234987423,2668.1104062896466,344.0,372.0,366.0,430.0
2019-08-14,30.53,1193.0,387.0,1429.0,439.0,27.978836234987423,2668.1104062896466,344.0,372.0,366.0,429.0
2019-08-21,30.55,1209.0,387.0,1527.0,439.0,27.978836234987423,2668.1104062896466,344.0,372.0,366.0,429.0
2019-08-28,30.42,1247.0,398.0,1533.0,438.0,27.978836234987423,2668.1104062896466,344.0,372.0,366.0,431.0
2019-09-04,30.34,1252.0,399.0,1537.0,439.0,27.78432548179871,2572.3335937353527,325.0,369.0,367.0,432.0
2019-09-11,30.36,1251.0,399.0,1471.0,432.0,27.78432548179871,2572.3335937353527,325.0,369.0,367.0,425.0
2019-09-18,30.28,1254.0,400.0,1374.0,433.0,27.78432548179871,2572.3335937353527,325.0,369.0,367.0,426.0
2019-09-25,30.35,1234.0,399.0,1304.0,429.0,27.78432548179871,2572.3335937353527,325.0,369.0,367.0,425.0
2019-10-02,30.4,1215.0,398.0,1335.0,425.0,27.303167302858203,1546.5600059996627,350.0,365.0,367.0,425.0
2019-10-09,30.12,1226.0,402.0,1448.0,429.0,27.303167302858203,1546.5600059996627,350.0,365.0,367.0,425.0
2019-10-16,30.15,1226.0,395.0,1447.0,422.0,27.303167302858203,1546.5600059996627,350.0,365.0,367.0,422.0
2019-10-24,30.02,1214.0,397.0,1386.0,420.0,27.303167302858203,1546.5600059996627,350.0,365.0,367.0,423.0
2019-10-30,29.95,1216.0,398.0,1322.0,421.0,27.303167302858203,1546.5600059996627,350.0,365.0,367.0,424.0
2019-11-06,30.0,1215.0,394.0,1286.0,420.0,26.166815007913595,712.4381753526364,348.0,360.0,353.0,420.0
2019-11-13,30.08,1126.0,393.0,1283.0,416.0,26.166815007913595,712.4381753526364,348.0,360.0,353.0,419.0
2019-11-19,29.94,1098.0,394.0,1221.0,418.0,26.166815007913595,712.4381753526364,348.0,360.0,353.0,421.0
2019-11-27,29.96,1097.0,394.0,1253.0,418.0,26.166815007913595,712.4381753526364,348.0,360.0,353.0,424.0
2019-12-11,30.04,1093.0,393.0,1217.0,416.0,24.477642677590534,372.9015242892588,348.0,362.0,358.0,423.0
2019-12-18,29.97,1097.0,394.0,1220.0,431.0,24.477642677590534,372.9015242892588,348.0,362.0,358.0,427.0
2019-12-25,29.9,1099.0,395.0,1222.0,448.0,24.477642677590534,372.9015242892588,348.0,362.0,358.0,445.0
2020-01-08,30.02,1094.0,400.0,1285.0,443.0,24.60932874034075,252.59910380041129,351.0,360.0,376.0,443.0
2020-01-14,30.0,1095.0,404.0,1319.0,450.0,24.60932874034075,252.59910380041129,351.0,360.0,376.0,450.0
2020-01-22,30.16,1089.0,408.0,1380.0,459.0,24.60932874034075,252.59910380041129,351.0,360.0,376.0,459.0
2020-01-29,30.65,1072.0,402.0,1357.0,451.0,24.60932874034075,252.59910380041129,351.0,360.0,376.0,451.0
2020-02-07,30.95,1062.0,414.0,1312.0,446.0,26.34525649380877,193.75565124461755,358.0,365.0,380.0,446.0
2020-02-12,30.9,1064.0,415.0,1281.0,447.0,26.34525649380877,193.75565124461755,358.0,365.0,380.0,447.0
2020-02-19,30.96,1062.0,414.0,1213.0,453.0,26.34525649380877,193.75565124461755,358.0,365.0,380.0,453.0
2020-02-26,31.56,1041.0,412.0,1158.0,455.0,26.34525649380877,193.75565124461755,358.0,365.0,380.0,455.0
2020-03-04,31.09,1057.0,419.0,1111.0,471.0,28.520271855506937,532.2500109368849,410.0,357.0,399.0,471.0
2020-03-11,31.26,1035.0,426.0,1073.0,491.0,28.520271855506937,532.2500109368849,410.0,357.0,399.0,491.0
2020-03-18,32.04,1025.0,416.0,1078.0,526.0,28.520271855506937,532.2500109368849,410.0,357.0,399.0,510.0
2020-03-25,32.6,1024.0,424.0,1106.0,517.0,28.520271855506937,532.2500109368849,410.0,357.0,399.0,502.0
2020-04-01,32.57,1072.0,440.0,1107.0,564.0,29.94985941718648,1038.0262485235207,470.0,380.0,435.0,564.0
2020-04-08,32.6,1133.0,439.0,1106.0,579.0,29.94985941718648,1038.0262485235207,470.0,380.0,435.0,579.0
2020-04-15,32.33,1142.0,443.0,1115.0,569.0,29.94985941718648,1038.0262485235207,470.0,380.0,435.0,569.0
2020-04-22,32.27,1113.0,444.0,1117.0,553.0,29.94985941718648,1038.0262485235207,470.0,380.0,435.0,553.0
2020-04-29,32.16,1117.0,445.0,1121.0,556.0,29.94985941718648,1038.0262485235207,470.0,380.0,435.0,556.0
2020-05-07,32.19,1100.0,445.0,1120.0,539.0,29.378024392514664,2207.4965158209857,470.0,381.0,444.0,539.0
2020-05-14,31.82,1081.0,434.0,1117.0,530.0,29.378024392514664,2207.4965158209857,470.0,381.0,444.0,498.0
2020-05-20,31.62,1104.0,437.0,1124.0,517.0,29.378024392514664,2207.4965158209857,470.0,381.0,444.0,501.0
2020-05-27,31.62,1104.0,437.0,1124.0,527.0,29.378024392514664,2207.4965158209857,470.0,381.0,444.0,501.0
2020-06-04,31.35,1097.0,441.0,1133.0,531.0,28.673441951401166,2441.714266072534,469.0,373.0,448.0,505.0
2020-06-10,30.91,1113.0,431.0,1149.0,538.0,28.673441951401166,2441.714266072534,469.0,373.0,448.0,529.0
2020-06-17,30.93,1095.0,430.0,1149.0,538.0,28.673441951401166,2441.714266072534,469.0,373.0,448.0,528.0
2020-06-24,30.61,1073.0,435.0,1144.0,544.0,28.673441951401166,2441.714266072534,469.0,373.0,448.0,518.0
2020-07-01,30.7,1054.0,427.0,1125.0,532.0,28.193508984265897,2558.0138992181696,434.0,381.0,438.0,510.0
2020-07-08,31.04,1010.0,422.0,1112.0,510.0,28.193508984265897,2558.0138992181696,434.0,381.0,438.0,478.0
2020-07-15,31.26,1003.0,420.0,1105.0,475.0,28.193508984265897,2558.0138992181696,434.0,381.0,438.0,459.0
2020-07-22,31.33,1000.0,419.0,1102.0,483.0,28.193508984265897,2558.0138992181696,434.0,381.0,438.0,474.0
2020-08-05,30.74,1019.0,427.0,1123.0,493.0,27.907591471929983,3143.211456855553,486.0,375.0,443.0,483.0
2020-08-13,30.79,1018.0,426.0,1138.0,508.0,27.907591471929983,3143.211456855553,486.0,375.0,443.0,498.0
2020-08-19,30.94,979.0,424.0,1148.0,512.0,27.907591471929983,3143.211456855553,486.0,375.0,443.0,512.0
2020-08-26,31.13,974.0,421.0,1141.0,532.0,27.907591471929983,3143.211456855553,486.0,375.0,443.0,525.0
2020-09-02,30.94,963.0,424.0,1148.0,528.0,27.71357601713062,3030.3800036247967,470.0,360.0,423.0,519.0
2020-09-09,31.13,940.0,428.0,1141.0,525.0,27.71357601713062,3030.3800036247967,470.0,360.0,423.0,515.0
2020-09-16,30.91,931.0,431.0,1117.0,513.0,27.71357601713062,3030.3800036247967,470.0,360.0,423.0,513.0
2020-09-23,31.21,922.0,427.0,1009.0,508.0,27.71357601713062,3030.3800036247967,470.0,360.0,423.0,492.0
2020-09-30,31.42,900.0,424.0,938.0,504.0,27.71357601713062,3030.3800036247967,470.0,360.0,423.0,495.0
2020-10-07,31.12,909.0,428.0,850.0,500.0,27.233643049995344,1821.950515283516,480.0,350.0,405.0,493.0
2020-10-14,30.94,914.0,430.0,758.0,477.0,27.233643049995344,1821.950515283516,480.0,350.0,405.0,464.0
2020-10-21,30.99,912.0,436.0,723.0,469.0,27.233643049995344,1821.950515283516,480.0,350.0,405.0,463.0
2020-10-28,30.88,916.0,438.0,726.0,477.0,27.233643049995344,1821.950515283516,480.0,350.0,405.0,465.0
2020-11-04,30.83,917.0,438.0,727.0,478.0,26.10018434037799,839.2995394009088,505.0,350.0,385.0,472.0
2020-11-11,30.01,891.0,450.0,746.0,495.0,26.10018434037799,839.2995394009088,505.0,350.0,385.0,485.0
2020-11-18,29.94,876.0,451.0,783.0,496.0,26.10018434037799,839.2995394009088,505.0,350.0,385.0,496.0
2020-11-25,30.09,888.0,449.0,762.0,503.0,26.10018434037799,839.2995394009088,505.0,350.0,385.0,503.0
2020-12-02,29.97,893.0,451.0,815.0,512.0,24.415313285541384,439.30278921810657,498.0,358.0,423.0,512.0
2020-12-09,29.76,899.0,465.0,821.0,515.0,24.415313285541384,439.30278921810657,498.0,358.0,423.0,515.0
2020-12-16,29.78,898.0,475.0,820.0,525.0,24.415313285541384,439.30278921810657,498.0,358.0,423.0,525.0
2020-12-23,29.96,893.0,472.0,815.0,529.0,24.415313285541384,439.30278921810657,498.0,358.0,423.0,529.0
2021-01-13,29.74,899.0,475.0,805.0,543.0,24.14263103994041,267.2831165746927,520.0,380.0,442.0,543.0
2021-01-20,29.72,900.0,469.0,805.0,543.0,24.14263103994041,267.2831165746927,520.0,380.0,442.0,543.0
2021-01-27,29.71,900.0,469.0,805.0,550.0,24.14263103994041,267.2831165746927,520.0,380.0,442.0,550.0
2021-02-03,29.72,900.0,479.0,805.0,561.0,25.84563820873289,205.01899468154923,520.0,393.0,451.0,561.0
2021-02-10,29.67,902.0,500.0,806.0,569.0,25.84563820873289,205.01899468154923,520.0,393.0,451.0,569.0
2021-02-17,29.72,882.0,499.0,805.0,557.0,25.84563820873289,205.01899468154923,520.0,393.0,451.0,550.0
2021-02-24,29.76,881.0,499.0,804.0,549.0,25.84563820873289,205.01899468154923,520.0,393.0,451.0,549.0
2021-03-03,30.05,873.0,494.0,796.0,544.0,27.979406014337584,563.1906035285516,511.0,406.0,437.0,544.0
2021-03-10,30.48,861.0,487.0,785.0,530.0,27.979406014337584,563.1906035285516,511.0,406.0,437.0,526.0
2021-03-17,30.52,843.0,486.0,801.0,529.0,27.979406014337584,563.1906035285516,511.0,406.0,437.0,526.0
2021-03-24,30.74,836.0,467.0,795.0,525.0,27.979406014337584,563.1906035285516,511.0,406.0,437.0,522.0
2021-03-31,31.12,810.0,461.0,769.0,512.0,29.381882506284324,1098.3684685236458,489.0,405.0,435.0,509.0
2021-04-07,31.07,811.0,451.0,770.0,504.0,29.381882506284324,1098.3684685236458,489.0,405.0,435.0,504.0
2021-04-21,31.08,811.0,444.0,737.0,487.0,29.381882506284324,1098.3684685236458,489.0,405.0,435.0,487.0
2021-04-28,31.15,809.0,443.0,735.0,496.0,29.381882506284324,1098.3684685236458,489.0,405.0,435.0,493.0
2021-05-05,30.95,798.0,453.0,724.0,505.0,28.82089190950563,2335.822018761445,494.0,394.0,447.0,502.0
2021-05-12,30.94,781.0,446.0,724.0,499.0,28.82089190950563,2335.822018761445,494.0,394.0,447.0,496.0
2021-05-19,31.18,776.0,443.0,719.0,489.0,28.82089190950563,2335.822018761445,494.0,394.0,447.0,486.0
2021-05-27,31.08,778.0,444.0,721.0,491.0,28.82089190950563,2335.822018761445,494.0,394.0,447.0,487.0
2021-06-02,30.9,782.0,431.0,725.0,493.0,28.129671352760443,2583.655242642602,482.0,386.0,435.0,490.0
2021-06-09,30.92,782.0,431.0,725.0,487.0,28.129671352760443,2583.655242642602,482.0,386.0,435.0,483.0
2021-06-16,30.91,766.0,415.0,693.0,477.0,28.129671352760443,2583.655242642602,482.0,386.0,435.0,474.0
2021-06-23,31.55,734.0,406.0,679.0,455.0,28.129671352760443,2583.655242642602,482.0,386.0,435.0,447.0
2021-06-30,31.83,712.0,403.0,673.0,450.0,28.129671352760443,2583.655242642602,482.0,386.0,435.0,434.0
2021-07-07,32.05,707.0,400.0,668.0,447.0,27.65883995903547,2706.715569999188,397.0,385.0,400.0,431.0
2021-07-14,32.38,684.0,396.0,661.0,436.0,27.65883995903547,2706.715569999188,397.0,385.0,400.0,421.0
2021-07-21,32.57,664.0,375.0,626.0,415.0,27.65883995903547,2706.715569999188,397.0,385.0,400.0,403.0
2021-07-29,32.6,664.0,360.0,625.0,415.0,27.65883995903547,2706.715569999188,397.0,385.0,400.0,402.0
2021-08-04,32.83,659.0,357.0,591.0,406.0,27.378344660646118,3325.9316505946545,392.0,376.0,367.0,400.0
2021-08-11,33.13,653.0,354.0,585.0,402.0,27.378344660646118,3325.9316505946545,392.0,376.0,367.0,396.0
2021-08-18,32.91,658.0,356.0,589.0,411.0,27.378344660646118,3325.9316505946545,392.0,376.0,367.0,405.0
2021-08-25,32.6,695.0,360.0,595.0,415.0,27.378344660646118,3325.9316505946545,392.0,376.0,367.0,409.0
2021-09-01,32.13,721.0,365.0,603.0,415.0,27.188008565310486,3206.54111431232,416.0,363.0,363.0,408.0
2021-09-08,32.5,713.0,361.0,596.0,410.0,27.188008565310486,3206.54111431232,416.0,363.0,363.0,404.0
2021-09-15,32.62,710.0,359.0,594.0,402.0,27.188008565310486,3206.54111431232,416.0,363.0,363.0,399.0
2021-09-22,33.2,698.0,359.0,584.0,398.0,27.188008565310486,3206.54111431232,416.0,363.0,363.0,392.0
2021-09-29,33.65,689.0,363.0,576.0,399.0,27.188008565310486,3206.54111431232,416.0,363.0,363.0,396.0
2021-10-06,33.63,689.0,364.0,577.0,405.0,26.717177171585508,1927.8635776737565,436.0,354.0,360.0,396.0
2021-10-14,32.96,703.0,371.0,588.0,407.0,26.717177171585508,1927.8635776737565,436.0,354.0,360.0,404.0
2021-10-20,33.13,700.0,378.0,585.0,405.0,26.717177171585508,1927.8635776737565,436.0,354.0,360.0,402.0
2021-10-27,33.02,702.0,373.0,587.0,406.0,26.717177171585508,1927.8635776737565,436.0,354.0,360.0,403.0
2021-11-03,33.11,669.0,372.0,601.0,399.0,25.6052136672563,888.0894399690018,430.0,348.0,360.0,396.0
2021-11-10,32.54,665.0,379.0,626.0,400.0,25.6052136672563,888.0894399690018,430.0,348.0,360.0,397.0
2021-11-17,32.59,664.0,378.0,626.0,406.0,25.6052136672563,888.0894399690018,430.0,348.0,360.0,403.0
2021-11-24,33.08,669.0,373.0,616.0,409.0,25.6052136672563,888.0894399690018,430.0,348.0,360.0,403.0
2021-12-01,33.46,662.0,368.0,609.0,404.0,23.95229494460478,464.840202738596,408.0,340.0,348.0,398.0
2021-12-08,33.22,667.0,371.0,614.0,407.0,23.95229494460478,464.840202738596,408.0,340.0,348.0,401.0
2021-12-15,33.15,668.0,372.0,615.0,408.0,23.95229494460478,464.840202738596,408.0,340.0,348.0,402.0
2021-12-22,33.52,661.0,368.0,623.0,403.0,23.95229494460478,464.840202738596,408.0,340.0,348.0,397.0
2022-01-05,32.95,687.0,383.0,680.0,419.0,24.03493157061726,338.6237236655438,398.0,347.0,361.0,419.0
2022-01-12,33.14,715.0,387.0,707.0,423.0,24.03493157061726,338.6237236655438,398.0,347.0,361.0,423.0
2022-01-19,32.95,750.0,395.0,741.0,426.0,24.03493157061726,338.6237236655438,398.0,347.0,361.0,426.0
2022-01-26,32.7,756.0,404.0,747.0,438.0,24.03493157061726,338.6237236655438,398.0,347.0,361.0,438.0
2022-02-09,32.61,758.0,402.0,718.0,427.0,25.73034168140769,259.740668587392,400.0,350.0,353.0,430.0
2022-02-17,32.0,787.0,410.0,716.0,435.0,25.73034168140769,259.740668587392,400.0,350.0,353.0,432.0
2022-02-23,32.16,784.0,399.0,697.0,423.0,25.73034168140769,259.740668587392,400.0,350.0,353.0,420.0
2022-03-02,32.28,781.0,397.0,663.0,422.0,27.85459082022158,713.5119559524777,415.0,350.0,350.0,419.0
2022-03-09,32.93,766.0,405.0,681.0,420.0,27.85459082022158,713.5119559524777,415.0,350.0,350.0,420.0
2022-03-16,33.21,759.0,413.0,675.0,431.0,27.85459082022158,713.5119559524777,415.0,350.0,350.0,422.0
2022-03-23,33.28,788.0,412.0,674.0,430.0,27.85459082022158,713.5119559524777,415.0,350.0,350.0,421.0
2022-03-30,33.15,807.0,423.0,676.0,441.0,27.85459082022158,713.5119559524777,415.0,350.0,350.0,426.0
2022-04-07,33.23,820.0,425.0,644.0,440.0,29.250810911460757,1391.5342859464158,416.0,343.0,360.0,431.0
2022-04-20,33.54,827.0,421.0,653.0,436.0,29.250810911460757,1391.5342859464158,416.0,343.0,360.0,427.0
2022-04-27,34.08,845.0,415.0,658.0,450.0,29.250810911460757,1391.5342859464158,416.0,343.0,360.0,435.0
2022-05-05,33.87,880.0,417.0,692.0,477.0,28.69232287496509,2959.2768894249702,419.0,331.0,367.0,468.0
2022-05-11,34.41,911.0,431.0,710.0,476.0,28.69232287496509,2959.2768894249702,419.0,331.0,367.0,461.0
2022-05-18,34.4,940.0,446.0,710.0,476.0,28.69232287496509,2959.2768894249702,419.0,331.0,367.0,461.0
2022-05-25,33.94,999.0,452.0,690.0,482.0,28.69232287496509,2959.2768894249702,419.0,331.0,367.0,467.0
2022-06-01,34.12,963.0,449.0,672.0,480.0,28.0041858299972,3273.259344411877,423.0,334.0,406.0,465.0
2022-06-08,34.24,930.0,448.0,670.0,478.0,28.0041858299972,3273.259344411877,423.0,334.0,406.0,463.0
2022-06-15,34.79,885.0,426.0,644.0,456.0,28.0041858299972,3273.259344411877,423.0,334.0,406.0,441.0
2022-06-22,35.18,876.0,410.0,637.0,444.0,28.0041858299972,3273.259344411877,423.0,334.0,406.0,427.0
2022-06-29,34.8,885.0,406.0,629.0,443.0,28.0041858299972,3273.259344411877,423.0,334.0,406.0,426.0
2022-07-06,35.77,862.0,401.0,612.0,443.0,27.53545479936691,3429.1657361773405,407.0,343.0,391.0,429.0
2022-07-12,36.05,855.0,395.0,608.0,434.0,27.53545479936691,3429.1657361773405,407.0,343.0,391.0,420.0
2022-07-20,36.4,847.0,391.0,602.0,416.0,27.53545479936691,3429.1657361773405,407.0,343.0,391.0,410.0
2022-07-27,36.61,842.0,386.0,612.0,419.0,27.53545479936691,3429.1657361773405,407.0,343.0,391.0,411.0
2022-08-03,35.94,858.0,393.0,623.0,432.0,27.256210781119076,4213.6569440468975,396.0,345.0,371.0,421.0
2022-08-10,35.2,882.0,397.0,670.0,445.0,27.256210781119076,4213.6569440468975,396.0,345.0,371.0,439.0
2022-08-17,35.14,884.0,392.0,641.0,446.0,27.256210781119076,4213.6569440468975,396.0,345.0,371.0,434.0
2022-08-24,35.9,865.0,383.0,628.0,439.0,27.256210781119076,4213.6569440468975,396.0,345.0,371.0,431.0
2022-08-31,36.13,860.0,381.0,596.0,436.0,27.066723768736612,4062.399848258536,410.0,369.0,420.0,428.0
2022-09-07,36.55,864.0,382.0,589.0,440.0,27.066723768736612,4062.399848258536,410.0,369.0,420.0,431.0
2022-09-14,36.4,881.0,397.0,605.0,462.0,27.066723768736612,4062.399848258536,410.0,369.0,420.0,444.0
2022-09-21,36.91,897.0,392.0,611.0,461.0,27.066723768736612,4062.399848258536,410.0,369.0,420.0,446.0
2022-09-28,37.83,875.0,383.0,622.0,443.0,27.066723768736612,4062.399848258536,410.0,369.0,420.0,435.0
2022-10-05,37.02,895.0,391.0,636.0,450.0,26.59799273810632,2442.430153303877,429.0,380.0,401.0,439.0
2022-10-15,37.91,873.0,382.0,648.0,434.0,26.59799273810632,2442.430153303877,429.0,380.0,401.0,429.0
2022-10-19,37.92,873.0,382.0,675.0,434.0,26.59799273810632,2442.430153303877,429.0,380.0,401.0,429.0
2022-10-26,37.76,876.0,383.0,678.0,431.0,26.59799273810632,2442.430153303877,429.0,380.0,401.0,426.0
2022-11-02,37.39,885.0,387.0,684.0,435.0,25.490989665766687,1125.1296264585117,438.0,387.0,432.0,427.0
2022-11-09,36.61,904.0,395.0,712.0,444.0,25.490989665766687,1125.1296264585117,438.0,387.0,432.0,433.0
2022-11-23,35.92,865.0,403.0,698.0,453.0,25.490989665766687,1125.1296264585117,438.0,387.0,432.0,442.0
2022-11-30,35.1,856.0,412.0,728.0,464.0,25.490989665766687,1125.1296264585117,438.0,387.0,432.0,456.0
2022-12-07,34.8,834.0,415.0,735.0,468.0,23.8454445582348,588.9108237661632,456.0,388.0,456.0,460.0
2022-12-14,34.36,845.0,421.0,744.0,474.0,23.8454445582348,588.9108237661632,456.0,388.0,456.0,465.0
2022-12-21,34.54,840.0,424.0,740.0,486.0,23.8454445582348,588.9108237661632,456.0,388.0,456.0,477.0
2023-01-11,34.3875838599887,835.3273585214176,428.66042423853537,739.0737496689085,492.1407161875561,23.65377039866532,555.8419343061828,446.7892803141135,386.55474646007536,451.6492797095913,511.0
2023-01-18,34.300374628899235,829.5754240267528,432.17915622027925,737.0104206362713,495.9689201358737,23.644680684716143,616.6944279022963,446.0645565357117,387.4650615471023,451.853572367468,523.0
2023-02-01,34.32629455483446,831.1610681641804,432.5423306500221,726.0724682396351,501.14963859401297,23.54311707477556,423.147366096689,446.60213552078665,385.8040656173111,449.09223359224654,511.0
2023-02-08,34.41654172206312,819.5277570582082,432.7439216709374,722.7224491920189,499.81195025655904,23.40100170663658,367.77259888275296,445.5786006672722,386.4082202702263,459.4533291178361,502.0
2023-02-15,34.312646213862095,816.8152568241188,437.2303169443712,721.4882833370808,504.90687137955024,23.388602539738244,352.7917774954967,441.7718590180575,381.482519367279,457.88786487186337,481.0
2023-02-22,34.372989826115074,818.3474088365908,439.84423673018347,724.8215014721326,506.28709477108674,23.48991680302314,288.6630111510815,442.87097987537845,381.9028692130268,455.4089107923044,474.0
2023-03-01,34.40915233803321,817.980737022652,440.3848746531259,715.2877430250445,506.5028921788708,23.32749305225916,263.93514799004635,442.6822040272418,381.69270464562703,456.6476131682379,470.0
2023-03-08,34.351092232351384,819.1916355754577,443.3260005959379,712.2191458594624,512.413546253196,23.2993864607046,237.2573158618498,446.2136869061185,383.2338890376542,461.8278654819759,467.0
2023-03-15,34.30680685893422,823.4055505556245,442.9772582116706,715.877846669785,513.3448251471859,23.65219584312964,200.32508035525535,447.59265461538143,382.8677502918496,460.1072701271158,476.0
2023-03-22,34.27452139381213,825.3206997449566,444.4101413132002,716.4458979508998,511.1975369496111,23.782795165821355,163.92213554990582,448.1930555496924,381.6768588429862,463.6657697405592,477.0
2023-03-29,34.31208549375868,823.7042196768433,444.81181304132537,718.9138527053158,511.47928716732906,23.743422664550323,163.09739247328562,447.82328744685066,383.14797746831897,464.7941907565852,490.0
2023-04-05,34.24629544808981,826.3327189971649,449.28372414387366,728.3201785773879,512.5505361108203,24.197536479280032,242.6451063604663,453.1049037382562,383.1479772816314,464.21114719231593,505.0
2023-04-19,34.398442784503416,821.8349229823702,450.1531040558772,731.0406868432863,511.3656832532981,24.18687452835536,241.0358212058625,453.3548581700289,383.4281887531752,464.2457282446047,498.0
2023-04-26,34.48147599670192,821.1819190848781,453.8144929777597,728.329685203645,511.286365113358,24.202683994004232,240.26414433666196,455.6037157188402,382.3774111103701,465.09907666339774,499.0
2023-05-03,34.49084746877663,826.912478729523,452.3975654938399,728.2285438962658,509.2804477193413,24.37781173535783,239.4379947479805,450.5965149173327,383.0079011968792,460.2396711215511,503.0
2023-05-10,34.529654109849496,830.8578720954548,453.64637777428425,727.9735419777641,512.3608013002558,24.336895397181767,248.4716159050113,450.6838239233496,383.0079012881176,460.3946189878639,509.0
2023-05-17,34.57733267161589,832.0243294118052,455.10436086842697,730.5788180918432,515.1642298966866,24.63329119178109,362.0068176102461,455.00892112007136,383.0916375083509,464.0421487212245,515.0
2023-05-24,34.57293375927013,842.9682648022854,453.3852680209071,734.8680508085913,522.343574788154,24.63428507854928,435.797349975592,462.72543839005016,389.5620647602928,467.8602798440289,511.0
2023-06-07,34.70884549001767,849.9011371599009,453.2599408836542,733.4218306266537,533.7111398912073,24.800234314402527,393.47610686149534,456.9740183855104,386.1995559092068,466.3774889545748,507.0
2023-06-14,34.7376247868032,860.2221735818102,451.71773533261006,743.5178204324565,546.7893002774719,24.77070661350449,680.6355304631793,458.59820901730353,387.1737295481082,469.0173292118615,509.0
2023-06-21,34.80397100463146,863.5494641278088,453.5840474210684,744.4148606381772,543.89340012971,24.708300169997734,762.1943530040448,461.0835321052159,387.1737290708156,469.6009314815036,520.0
2023-06-28,34.835509304059414,870.7218509572459,457.42668866155697,750.6418626180676,545.7337094822703,24.7868326933405,848.6728090251332,469.1404619469348,390.326100679996,476.881333715531,518.0
2023-07-05,34.736218327093084,878.6367507567089,460.5218516377228,744.078642242336,548.4132473419459,24.81445840801109,848.5732927805906,471.7544240941419,391.7971807288615,480.3940721124967,535.0
2023-07-12,34.71942888998143,874.4681994957675,459.9012868824407,743.4182502288185,543.7118210125184,24.600592687554236,851.8935436559784,472.5550320170152,391.2909454710261,487.8587221642531,534.0
2023-07-26,34.773293159757586,864.952222726129,458.7809233795149,741.2873955037124,538.9583991712382,24.64808151828364,929.3217683605044,470.921534433276,391.01073404528046,488.75049827226417,572.0
2023-08-09,34.83666951025193,859.3382813433205,455.3244294289149,741.2358378101686,540.2621922056354,24.74620397978221,940.7556022283025,471.4858268498922,392.6919857794002,489.7446439989709,648.0
2023-08-16,34.85651764020759,857.7282829615629,451.7482024975527,738.8733268313682,539.0269291026351,24.538184825685068,951.0885112406968,468.6424573559513,392.34171187429706,487.6331844579964,612.0
2023-08-30,34.80808647475096,857.6753109313149,448.67517502780777,732.5804025613927,535.4556896876198,24.60414931585202,913.0255086381384,469.03721498684,392.6919765260359,486.9751069208759,646.0
2023-09-06,34.9294685424903,857.4683787026256,445.09450236685865,732.1553238540358,533.7125549689296,24.55000780064551,977.3751232338752,463.173696828274,393.4849934446956,484.8775066138037,640.0
2023-09-13,35.04040605811605,851.0032203813025,443.13500046852585,736.2080375404792,528.9978694373749,24.575526383999023,988.1294162133024,463.7529204356134,393.2748397814528,485.6709394860351,621.0
2023-09-20,35.02191567175348,844.8060167138848,442.6136804723409,735.1339759281825,527.4100713693696,24.402607819113644,911.5305203847776,463.6285509318224,392.0138933311076,486.2923537452763,612.0
2023-09-27,35.07956167356505,842.7888147489434,440.6682323786756,733.2650245264434,528.6501176929606,24.45631652897075,961.4833809371054,449.7648845967561,392.0839448670629,477.53411423685645,608.0
2023-10-04,35.006625310541054,841.1547467353403,439.5992333680335,731.4127286818925,530.3988273572082,24.316090632640197,1204.2371307595188,444.0754779570195,392.6104350846976,475.66049999162334,597.0
2023-10-11,34.90612505778179,828.4717389514342,436.405248548729,731.3237370956176,530.2603587434245,24.34591921523917,1102.1830852898934,443.0625996519401,391.9799714035808,475.6677272267504,595.0
2023-10-18,34.877053023702445,830.6699941361836,431.8498803588877,730.0603910225819,530.1360421931314,24.415766316428268,1107.0278275619671,438.2855835484688,392.6104509955144,473.3122058178831,583.0
2023-10-25,35.02068023892336,827.0840082875063,429.67400572692793,725.6423755692297,525.5584982524044,24.26767276835692,1225.8739298372886,437.3967470313415,392.0500221818126,465.612758636668,586.0
2023-11-01,35.10104524032387,825.3077959798059,428.4547468059883,723.8856842630278,521.1161286153329,24.1330216093257,1146.3838710618577,442.6101178419992,401.8960950185368,473.9671877793781,584.0
2023-11-08,35.142244066043006,827.1653110434875,428.9597681850638,720.348260503533,523.1780927180026,24.30321167572624,1169.822228068302,442.052616094824,401.89608939244727,473.4772162597338,583.0
2023-11-15,35.00015365435371,835.2433873821834,433.6102711065333,727.9102535803867,527.1741352668264,24.252864961925237,1145.682205883768,447.42637984638856,401.19556378559446,474.46632829914654,583.0
2023-11-22,35.03157158658056,840.3029548453003,433.124415102832,731.0718536016816,526.1368467774986,24.19051560636641,1147.4076083387993,453.4021161029194,401.6158651636946,474.0367332584567,602.0
2023-11-29,35.21527230470302,832.6087658788881,430.30806390875006,742.0991764977285,524.4087110894523,24.07846927038742,1158.2591155657392,454.267113670269,401.6859181728838,475.110981027071,640.0
2023-12-06,35.16820791756228,835.5209820579979,428.9830006902935,745.8496879543974,524.9079219649805,24.09103482574321,894.8555823080872,456.0866111840432,401.814533631794,471.02121421637656,631.0
2023-12-13,35.40871131954861,830.2998412647534,427.5638979555845,747.9696254525326,517.8138108978351,24.072591529418595,813.0595446394857,454.05758574106943,399.5728521239274,467.3174890543424,634.0
2023-12-20,35.493146888178906,828.2002898367309,428.49092823647175,756.7071213750443,512.9327971293155,24.140605971316592,818.9052451897276,454.1227532507965,400.1332673664431,467.2120171087087,650.0
2023-12-27,35.44271700584642,832.5981836732127,429.7317151208718,757.1219508147211,508.929417171879,24.16388650321974,735.1179685391155,456.9035764331139,401.53429025727866,467.080334333277,659.0
2024-01-10,35.29392632508202,832.3710096401743,431.2200907722102,753.1098071575639,508.4110310204194,23.901088020593185,598.2987336515532,457.82807410390336,394.0694465198929,472.9494520510389,646.0
2024-01-17,35.244813893405635,830.0043345707597,431.6744366923494,744.3563483555021,508.0763949693752,23.74053979991222,510.706854065685,456.1907368493017,394.069447252592,472.8813467310932,668.0
2024-01-22,35.081299369533745,825.8774023222878,432.93620730086775,730.0614156077927,509.4190720505326,23.77220361872461,506.9322264812568,456.893969193507,393.64911921079926,467.9173199995003,669.0
2024-01-31,34.8767122228804,827.2278660872594,435.5944239751638,720.5413171372411,508.737287988502,23.697627306579527,429.43798102084247,455.9435048764877,393.2287972606015,467.91732000767314,655.0
2024-02-07,34.79247556902637,822.761201098436,437.1510980044466,717.1804246583057,510.14010553098166,23.465705249341635,342.6375522006956,464.7962978914036,391.2153521795867,472.7330703367419,639.0
2024-02-14,34.708709124945344,826.0969916298047,439.2587716095264,736.289967511696,514.1121664543226,23.44084249147705,330.8012942088812,464.9936958547404,390.3046675816198,471.1219619656142,615.0
2024-02-21,34.75865483811021,829.086218871816,438.2496793516351,738.2923998737787,513.6820827268591,23.339187263990144,267.249400046358,467.89933654858834,391.2153484052707,467.21534189590585,618.0
2024-02-28,34.65668882667861,826.5134767115237,440.1532000198823,740.2454153131174,514.1692207647193,23.38674245255686,309.2562352580683,460.23700270306006,389.89709229136247,461.814104807859,625.0
2024-03-13,34.58796565087734,822.4246415244056,442.1395764194233,740.2038405762827,514.2405540884217,23.41000571004396,406.17825096989327,459.2935814970696,390.8179496030112,461.9930330841968,630.0
2024-03-20,34.627331383938014,824.8687626595525,441.4487257713545,730.6938075426114,517.0897229546514,23.321686833185897,218.1389034328788,459.9967355206751,389.1303515677652,459.6298051855344,608.0
2024-03-27,34.73834285144612,813.9154941182843,440.5162128641694,728.3166530716253,514.2780836025429,23.182025671557184,179.2764624616183,458.7812010961756,389.7442837276417,468.4983406349711,601.0
2024-04-03,34.62759352543154,812.3261498159957,445.2017200799556,729.1982454064911,518.149525451194,23.174175396841807,195.24467596576537,455.69823485437365,384.6176607782987,469.0311314837016,578.0
2024-04-10,34.697974676331945,814.7925795916342,447.4770793837348,733.460698920293,518.837347355923,23.303139590040416,141.15250990016247,456.8659914664461,385.0450622649688,466.9092875704641,597.0
2024-04-24,34.73092432465839,815.5169173045088,448.2576541170546,725.3595805640232,518.5860635108727,23.129984903037062,128.34343588125333,456.69425569622143,384.8313648429525,467.9695465508013,602.0
2024-04-30,34.66955089774437,816.9470521861842,451.4178504193288,722.6396708500276,524.1068029491804,23.10708454982361,111.4428953206943,460.5738244758135,386.3985272249998,472.4035486798829,599.0
2024-05-08,34.625838734748534,821.159378924367,450.76451599905295,725.3678723457459,525.1210434032104,23.28574189557015,89.78301937567566,461.9083542644959,385.9756437736969,469.7783628537493,614.0
2024-05-15,34.57627315501573,823.837362395796,452.565269471015,725.886289230429,522.65280039586,23.439790371480598,59.007478943579216,462.55610101431046,384.76467631522667,472.8242366651457,649.0
2024-05-23,34.618832542946286,822.2071449749889,452.0013361504997,727.7284809649717,523.1237754777163,23.39976062491454,66.26899674115775,462.1596680610224,386.26059477670464,473.7901010446031,649.0
2024-06-05,34.559790833629954,824.6996007360113,455.9084701385725,735.8466039535668,524.194347440132,23.631987109519976,113.77916224819025,466.3953143910844,386.2605945658476,472.85887865049415,647.0
2024-06-12,34.728592163979044,819.9296967375952,457.26751456341975,739.0295342696392,522.9982838150999,23.62289081860527,118.13633457990343,466.6793968469258,386.5455297811001,472.8884780696255,645.0
2024-06-19,34.81837316337526,819.1125419002344,461.2199175940036,736.2235259719935,522.6678615739686,23.64324998519024,122.59908758930358,469.1623104773735,385.4770383797531,473.6188959094851,632.0
2024-06-26,34.82996565668359,825.470738998145,459.8057101348855,736.0974775851403,520.6291466714997,23.843975381424976,126.29158486282653,463.6256087979053,386.1181571170083,469.45952041793817,603.0
2024-07-10,34.86347912951617,829.8221518337807,461.77547646948176,735.9110552451053,523.5355300038622,23.799087870878974,140.25928848471642,463.718873260035,386.1181572096337,469.5921470020047,590.0
2024-07-17,34.912332993976264,831.3073926820534,463.25889606413295,737.4824403927655,526.4141350491324,23.94815021825455,198.24449931172643,468.4010689788123,386.321309351268,474.1547928008983,584.0
2024-07-24,34.91821811795273,842.1465779358106,461.3544609423886,741.9129157193393,533.8254461158489,23.95028204622288,282.7434113386286,476.93837833742566,392.9008135094853,477.4228964565709,592.0
2024-07-31,35.067295578034624,849.3767680758966,460.7732440055709,740.6596560307929,545.135699803764,24.13945653511949,238.5930784940985,470.57522967161503,389.48162029297214,476.1537115672726,593.0
2024-08-07,35.08837751569117,860.359809032458,459.4943414165401,751.4704359238002,557.9199062379553,24.18203715365444,394.13924164805087,472.0515761490617,390.6745094304129,479.4216621598097,580.0
2024-08-14,35.17011323896167,864.4292177247498,462.2797190667863,752.8788800401613,554.9833383388493,24.1117194582666,486.1713425115192,474.8027728770154,390.6745089450744,479.9211925974849,586.0
2024-08-21,35.20032707207121,872.186932145153,466.96832621304617,758.9197658839943,556.8618202308882,24.20127883291904,583.3771102867228,483.71808097102513,393.88002247660575,486.1528039252584,589.0
2024-08-28,35.089356216299414,881.4714527007615,470.2820750257912,751.954861460237,559.4712164799871,24.23297181545701,584.7293132202173,486.6112676831636,395.3759016390979,489.15950873117225,602.0
2024-09-04,35.07895867351882,876.4496104595258,469.4784600562798,750.7760922123518,554.7127823924059,24.083447983066,556.8423299200451,487.0703519466835,394.8105591106368,501.16703803438975,598.0
2024-09-11,35.134975223215534,866.3041016908613,468.36585948574896,748.6491599043223,549.9013360706579,24.137568511792196,643.4617950453102,485.2629887793759,394.52562394807495,501.9303477963897,578.0
2024-09-19,35.21413550234159,859.6343023728166,463.49655808195774,747.8218390961415,551.6949809633144,24.24912057301653,657.0417395170874,485.8872160340461,396.2352178195388,502.7812801450239,575.0
