,Date,Ex Rate (sight bill),Thai Hom Mali Rice Grade B,White Broken Rice A.1 Super,White Glutinous Rice 10%,Parboiled Rice 100%,Estimated Temperature,Estimated Precipitation,Vietnam_White_5%,India_White_5%,Pakistan_White_5%,White Rice 5%
0,2008-01-09,33.05,638.0,361.0,558.0,398.0,23.595158737547713,280.6676736933548,390.0,345.6334841628959,390.0,374.0
1,2008-01-16,33.0,657.0,365.0,529.0,404.0,23.595158737547713,280.6676736933548,390.0,345.6334841628959,390.0,377.0
2,2008-01-23,32.94,688.0,378.0,514.0,420.0,23.595158737547713,280.6676736933548,390.0,345.6334841628959,390.0,387.0
3,2008-01-30,32.86,705.0,403.0,510.0,440.0,23.595158737547713,280.6676736933548,390.0,345.6334841628959,390.0,418.0
4,2008-02-05,32.73,732.0,429.0,518.0,466.0,25.25954752816311,215.2855931853834,467.0,345.6334841628959,478.0,444.0
5,2008-02-13,32.7,733.0,430.0,518.0,466.0,25.25954752816311,215.2855931853834,467.0,345.6334841628959,478.0,445.0
6,2008-02-20,32.32,743.0,438.0,537.0,510.0,25.25954752816311,215.2855931853834,467.0,345.6334841628959,478.0,457.0
7,2008-02-27,32.02,749.0,454.0,542.0,529.0,25.25954752816311,215.2855931853834,467.0,345.6334841628959,478.0,470.0
8,2008-03-05,31.41,763.0,479.0,552.0,555.0,27.34492877758123,591.3931211369362,588.0,345.6334841628959,555.0,495.0
9,2008-03-12,31.36,771.0,512.0,553.0,604.0,27.34492877758123,591.3931211369362,588.0,345.6334841628959,555.0,544.0
10,2008-03-19,30.94,846.0,519.0,580.0,612.0,27.34492877758123,591.3931211369362,588.0,345.6334841628959,555.0,567.0
11,2008-03-26,31.18,904.0,576.0,624.0,656.0,27.34492877758123,591.3931211369362,588.0,345.6334841628959,555.0,611.0
12,2008-04-02,31.38,993.0,668.0,731.0,763.0,28.715601899264495,1153.370728646514,830.0,345.6334841628959,670.0,779.0
13,2008-04-09,31.56,1114.0,727.0,759.0,870.0,28.715601899264495,1153.370728646514,830.0,345.6334841628959,670.0,838.0
14,2008-04-23,31.25,1158.0,766.0,766.0,990.0,28.715601899264495,1153.370728646514,830.0,345.6334841628959,670.0,878.0
15,2008-04-30,31.57,1261.0,800.0,817.0,1078.0,28.715601899264495,1153.370728646514,830.0,345.6334841628959,670.0,922.0
16,2008-05-07,31.52,1228.0,801.0,818.0,1080.0,28.16733265059119,2452.791409233231,1075.0,345.6334841628959,850.0,923.0
17,2008-05-14,32.3,1198.0,781.0,799.0,1054.0,28.16733265059119,2452.791409233231,1075.0,345.6334841628959,850.0,1003.0
18,2008-05-21,31.71,1220.0,796.0,779.0,1074.0,28.16733265059119,2452.791409233231,1075.0,345.6334841628959,850.0,1022.0
19,2008-05-28,32.0,1175.0,755.0,737.0,996.0,28.16733265059119,2452.791409233231,1075.0,345.6334841628959,850.0,944.0
20,2008-06-04,32.43,1091.0,677.0,693.0,948.0,27.49178661204729,2713.0352110193808,883.0,345.6334841628959,838.0,864.0
21,2008-06-11,32.91,1084.0,639.0,690.0,941.0,27.49178661204729,2713.0352110193808,883.0,345.6334841628959,838.0,857.0
22,2008-06-18,32.96,1081.0,639.0,689.0,939.0,27.49178661204729,2713.0352110193808,883.0,345.6334841628959,838.0,856.0
23,2008-06-25,33.35,1069.0,631.0,681.0,928.0,27.49178661204729,2713.0352110193808,883.0,345.6334841628959,838.0,846.0
24,2008-07-02,33.22,1040.0,601.0,650.0,899.0,27.031632064053625,2842.25794774044,712.0,345.6334841628959,715.0,833.0
25,2008-07-09,33.55,997.0,579.0,644.0,857.0,27.031632064053625,2842.25794774044,712.0,345.6334841628959,715.0,807.0
26,2008-07-16,33.27,1005.0,583.0,649.0,865.0,27.031632064053625,2842.25794774044,712.0,345.6334841628959,715.0,815.0
27,2008-07-23,33.17,976.0,569.0,618.0,867.0,27.031632064053625,2842.25794774044,712.0,345.6334841628959,715.0,817.0
28,2008-07-30,33.3,938.0,550.0,600.0,864.0,27.031632064053625,2842.25794774044,712.0,345.6334841628959,715.0,798.0
29,2008-08-07,33.43,935.0,548.0,597.0,860.0,26.757497439716964,3492.482096132093,588.0,345.6334841628959,656.0,794.0
30,2008-08-13,33.48,934.0,530.0,580.0,826.0,26.757497439716964,3492.482096132093,588.0,345.6334841628959,656.0,777.0
31,2008-08-20,33.92,922.0,507.0,556.0,799.0,26.757497439716964,3492.482096132093,588.0,345.6334841628959,656.0,750.0
32,2008-08-27,33.92,905.0,491.0,539.0,783.0,26.757497439716964,3492.482096132093,588.0,345.6334841628959,656.0,734.0
33,2008-09-03,34.23,897.0,503.0,535.0,792.0,26.571477516059954,3367.112920148242,566.0,345.6334841628959,519.0,760.0
34,2008-09-10,34.42,892.0,499.0,531.0,788.0,26.571477516059954,3367.112920148242,566.0,345.6334841628959,519.0,756.0
35,2008-09-17,34.1,879.0,493.0,525.0,776.0,26.571477516059954,3367.112920148242,566.0,345.6334841628959,519.0,745.0
36,2008-09-24,33.85,865.0,454.0,501.0,749.0,26.571477516059954,3367.112920148242,566.0,345.6334841628959,519.0,733.0
37,2008-10-01,33.8,852.0,423.0,486.0,734.0,26.111322968066286,2024.403907280216,465.0,345.6334841628959,469.0,719.0
38,2008-10-08,34.38,822.0,401.0,462.0,691.0,26.111322968066286,2024.403907280216,465.0,345.6334841628959,469.0,691.0
39,2008-10-15,33.9,818.0,392.0,469.0,670.0,26.111322968066286,2024.403907280216,465.0,345.6334841628959,469.0,670.0
40,2008-10-22,34.24,810.0,372.0,464.0,648.0,26.111322968066286,2024.403907280216,465.0,345.6334841628959,469.0,648.0
41,2008-10-29,34.7,799.0,337.0,443.0,609.0,26.111322968066286,2024.403907280216,465.0,345.6334841628959,469.0,609.0
42,2008-11-05,34.66,784.0,322.0,443.0,580.0,25.024574993017406,932.5616984044648,413.0,345.6334841628959,385.0,580.0
43,2008-11-12,34.85,780.0,320.0,441.0,576.0,25.024574993017406,932.5616984044648,413.0,345.6334841628959,385.0,576.0
44,2008-11-19,34.79,812.0,321.0,457.0,592.0,25.024574993017406,932.5616984044648,413.0,345.6334841628959,385.0,578.0
45,2008-11-26,35.17,803.0,317.0,467.0,586.0,25.024574993017406,932.5616984044648,413.0,345.6334841628959,385.0,571.0
46,2008-12-03,35.28,801.0,317.0,465.0,585.0,23.409138813890696,488.11769337974744,419.0,345.6334841628959,393.0,569.0
47,2008-12-11,35.0,793.0,305.0,484.0,589.0,23.409138813890696,488.11769337974744,419.0,345.6334841628959,393.0,559.0
48,2008-12-17,34.43,805.0,309.0,492.0,599.0,23.409138813890696,488.11769337974744,419.0,345.6334841628959,393.0,568.0
49,2008-12-24,34.38,822.0,310.0,508.0,615.0,23.409138813890696,488.11769337974744,419.0,345.6334841628959,393.0,569.0
50,2009-01-07,34.95,839.0,319.0,500.0,620.0,23.945182012847965,268.54816041597667,399.0,345.6334841628959,421.0,560.0
51,2009-01-14,34.75,874.0,336.0,518.0,654.0,23.945182012847965,268.54816041597667,399.0,345.6334841628959,421.0,579.0
52,2009-01-21,34.8,873.0,336.0,517.0,683.0,23.945182012847965,268.54816041597667,399.0,345.6334841628959,421.0,592.0
53,2009-02-04,34.72,875.0,337.0,519.0,685.0,25.63426124197002,205.98934409939446,433.0,345.6334841628959,435.0,594.0
54,2009-02-11,34.9,869.0,335.0,516.0,681.0,25.63426124197002,205.98934409939446,433.0,345.6334841628959,435.0,591.0
55,2009-02-18,35.2,862.0,332.0,511.0,675.0,25.63426124197002,205.98934409939446,433.0,345.6334841628959,435.0,601.0
56,2009-02-25,35.7,851.0,328.0,504.0,666.0,25.63426124197002,205.98934409939446,433.0,345.6334841628959,435.0,592.0
57,2009-03-04,36.03,857.0,339.0,500.0,659.0,27.750578158458243,565.8561695904606,456.0,345.6334841628959,427.0,602.0
58,2009-03-11,35.85,861.0,341.0,502.0,663.0,27.750578158458243,565.8561695904606,456.0,345.6334841628959,427.0,605.0
59,2009-03-18,35.55,868.0,329.0,506.0,669.0,27.750578158458243,565.8561695904606,456.0,345.6334841628959,427.0,610.0
60,2009-03-25,35.3,875.0,331.0,509.0,673.0,27.750578158458243,565.8561695904606,456.0,345.6334841628959,427.0,614.0
61,2009-04-01,35.3,875.0,347.0,509.0,629.0,29.14158458244111,1103.567017105288,460.0,345.6334841628959,443.0,584.0
62,2009-04-08,35.35,874.0,345.0,479.0,599.0,29.14158458244111,1103.567017105288,460.0,345.6334841628959,443.0,568.0
63,2009-04-22,35.4,873.0,331.0,479.0,583.0,29.14158458244111,1103.567017105288,460.0,345.6334841628959,443.0,552.0
64,2009-04-29,35.16,878.0,323.0,482.0,587.0,29.14158458244111,1103.567017105288,460.0,345.6334841628959,443.0,542.0
65,2009-05-06,35.0,874.0,310.0,470.0,558.0,28.585182012847962,2346.8774018961435,457.0,345.6334841628959,442.0,514.0
66,2009-05-13,34.35,890.0,316.0,479.0,568.0,28.585182012847962,2346.8774018961435,457.0,345.6334841628959,442.0,523.0
67,2009-05-20,34.3,891.0,316.0,465.0,578.0,28.585182012847962,2346.8774018961435,457.0,345.6334841628959,442.0,524.0
68,2009-05-27,34.2,894.0,317.0,466.0,585.0,28.585182012847962,2346.8774018961435,457.0,345.6334841628959,442.0,541.0
69,2009-06-03,33.9,902.0,320.0,470.0,600.0,27.899614561027832,2595.8836137967246,414.0,345.6334841628959,425.0,546.0
70,2009-06-10,33.9,902.0,320.0,470.0,612.0,27.899614561027832,2595.8836137967246,414.0,345.6334841628959,425.0,555.0
71,2009-06-24,34.0,900.0,319.0,469.0,625.0,27.899614561027832,2595.8836137967246,414.0,345.6334841628959,425.0,553.0
72,2009-07-01,34.0,915.0,325.0,469.0,634.0,27.432633832976443,2719.5263823909913,404.0,345.6334841628959,444.0,553.0
73,2009-07-08,34.0,945.0,325.0,469.0,641.0,27.432633832976443,2719.5263823909913,404.0,345.6334841628959,444.0,559.0
74,2009-07-15,34.0,945.0,325.0,469.0,641.0,27.432633832976443,2719.5263823909913,404.0,345.6334841628959,444.0,559.0
75,2009-07-22,33.9,948.0,326.0,470.0,636.0,27.432633832976443,2719.5263823909913,404.0,345.6334841628959,444.0,561.0
76,2009-07-29,33.8,951.0,312.0,487.0,608.0,27.432633832976443,2719.5263823909913,404.0,345.6334841628959,444.0,548.0
77,2009-08-05,33.8,951.0,312.0,487.0,593.0,27.154432548179866,3341.6731961327177,393.0,345.6334841628959,463.0,548.0
78,2009-08-11,33.9,963.0,311.0,486.0,581.0,27.154432548179866,3341.6731961327177,393.0,345.6334841628959,463.0,546.0
79,2009-08-19,33.9,948.0,311.0,470.0,581.0,27.154432548179866,3341.6731961327177,393.0,345.6334841628959,463.0,530.0
80,2009-08-26,33.9,963.0,305.0,470.0,591.0,27.154432548179866,3341.6731961327177,393.0,345.6334841628959,463.0,516.0
81,2009-09-02,33.9,979.0,305.0,470.0,606.0,26.96565310492505,3221.717587635696,384.0,345.6334841628959,464.0,516.0
82,2009-09-09,33.9,994.0,305.0,486.0,621.0,26.96565310492505,3221.717587635696,384.0,345.6334841628959,464.0,530.0
83,2009-09-16,33.75,1014.0,306.0,488.0,623.0,26.96565310492505,3221.717587635696,384.0,345.6334841628959,464.0,533.0
84,2009-09-23,33.4,1040.0,310.0,493.0,615.0,26.96565310492505,3221.717587635696,384.0,345.6334841628959,464.0,539.0
85,2009-09-30,33.4,1040.0,310.0,493.0,600.0,26.96565310492505,3221.717587635696,384.0,345.6334841628959,464.0,523.0
86,2009-10-07,33.3,1043.0,310.0,495.0,587.0,26.49867237687366,1936.9881044191268,405.0,345.6334841628959,427.0,510.0
87,2009-10-14,33.11,1049.0,297.0,512.0,574.0,26.49867237687366,1936.9881044191268,405.0,345.6334841628959,427.0,497.0
88,2009-10-21,33.3,1043.0,295.0,510.0,571.0,26.49867237687366,1936.9881044191268,405.0,345.6334841628959,427.0,495.0
89,2009-10-28,33.3,1043.0,301.0,510.0,571.0,26.49867237687366,1936.9881044191268,405.0,345.6334841628959,427.0,495.0
90,2009-11-04,33.3,1043.0,325.0,525.0,587.0,25.395802997858667,892.2927435331763,465.0,345.6334841628959,435.0,510.0
91,2009-11-11,33.2,1062.0,326.0,557.0,588.0,25.395802997858667,892.2927435331763,465.0,345.6334841628959,435.0,511.0
92,2009-11-18,33.0,1085.0,344.0,607.0,592.0,25.395802997858667,892.2927435331763,465.0,345.6334841628959,435.0,529.0
93,2009-11-25,33.1,1082.0,359.0,652.0,605.0,25.395802997858667,892.2927435331763,465.0,345.6334841628959,435.0,559.0
94,2009-12-02,33.0,1100.0,375.0,715.0,622.0,23.756402569593146,467.0402789843072,357.7920792079208,345.6334841628959,481.0,592.0
95,2009-12-09,33.0,1100.0,391.0,777.0,638.0,23.756402569593146,467.0402789843072,357.7920792079208,345.6334841628959,481.0,607.0
96,2009-12-16,33.0,1100.0,406.0,777.0,622.0,23.756402569593146,467.0402789843072,357.7920792079208,345.6334841628959,481.0,592.0
97,2009-12-23,33.1,1097.0,405.0,774.0,605.0,23.756402569593146,467.0402789843072,357.7920792079208,345.6334841628959,481.0,559.0
98,2009-01-13,32.9,1009.0,422.0,779.0,624.0,23.945182012847965,268.54816041597667,399.0,345.6334841628959,421.0,577.0
99,2009-01-20,32.81,1012.0,424.0,781.0,611.0,23.945182012847965,268.54816041597667,399.0,345.6334841628959,421.0,564.0
100,2010-01-27,32.95,1007.0,422.0,778.0,608.0,24.519579182571455,268.364630739521,482.0,345.6334841628959,475.0,561.0
101,2010-02-03,33.0,1006.0,421.0,777.0,607.0,26.2491760543711,205.84856801804906,425.0,345.6334841628959,438.0,561.0
102,2010-02-10,33.0,1006.0,415.0,746.0,601.0,26.2491760543711,205.84856801804906,425.0,345.6334841628959,438.0,555.0
103,2010-02-17,33.0,999.0,415.0,715.0,592.0,26.2491760543711,205.84856801804906,425.0,345.6334841628959,438.0,539.0
104,2010-02-24,33.0,990.0,391.0,715.0,576.0,26.2491760543711,205.84856801804906,425.0,345.6334841628959,438.0,514.0
105,2010-03-03,32.5,1005.0,397.0,726.0,569.0,28.4162591937436,565.469455343137,386.0,345.6334841628959,419.0,507.0
106,2010-03-10,32.5,989.0,388.0,726.0,554.0,28.4162591937436,565.469455343137,386.0,345.6334841628959,419.0,497.0
107,2010-03-17,32.3,979.0,384.0,730.0,542.0,28.4162591937436,565.469455343137,386.0,345.6334841628959,419.0,500.0
108,2010-03-24,32.2,982.0,385.0,749.0,543.0,28.4162591937436,565.469455343137,386.0,345.6334841628959,419.0,502.0
109,2010-03-31,32.2,982.0,368.0,749.0,527.0,29.840633088166832,1102.8128235286767,353.0,345.6334841628959,389.0,486.0
110,2010-04-07,32.3,979.0,352.0,747.0,510.0,29.840633088166832,1102.8128235286767,353.0,345.6334841628959,389.0,478.0
111,2010-04-21,32.0,988.0,323.0,785.0,466.0,29.840633088166832,1102.8128235286767,353.0,345.6334841628959,389.0,451.0
112,2010-04-28,32.1,985.0,322.0,799.0,465.0,29.840633088166832,1102.8128235286767,353.0,345.6334841628959,389.0,449.0
113,2010-05-12,32.2,982.0,321.0,812.0,464.0,29.27088353039754,2345.273512114944,356.0,345.6334841628959,370.0,448.0
114,2010-05-27,32.4,960.0,319.0,807.0,461.0,29.27088353039754,2345.273512114944,356.0,345.6334841628959,370.0,445.0
115,2010-06-02,32.4,944.0,325.0,792.0,461.0,28.568870682431797,2594.109549587836,363.0,345.6334841628959,401.0,445.0
116,2010-06-09,32.5,925.0,324.0,773.0,459.0,28.568870682431797,2594.109549587836,363.0,345.6334841628959,401.0,438.0
117,2010-06-16,32.3,931.0,326.0,794.0,462.0,28.568870682431797,2594.109549587836,363.0,345.6334841628959,401.0,440.0
118,2010-06-23,32.2,966.0,334.0,812.0,496.0,28.568870682431797,2594.109549587836,363.0,345.6334841628959,401.0,448.0
119,2010-06-30,32.25,981.0,340.0,858.0,495.0,28.568870682431797,2594.109549587836,363.0,345.6334841628959,401.0,454.0
120,2010-07-07,32.3,979.0,346.0,857.0,488.0,28.09068801787543,2717.6678189351856,356.0,345.6334841628959,413.0,447.0
121,2010-07-14,32.25,981.0,346.0,953.0,478.0,28.09068801787543,2717.6678189351856,356.0,345.6334841628959,413.0,438.0
122,2010-07-21,32.15,984.0,347.0,956.0,470.0,28.09068801787543,2717.6678189351856,356.0,345.6334841628959,413.0,432.0
123,2010-07-28,32.1,985.0,348.0,958.0,471.0,28.09068801787543,2717.6678189351856,356.0,345.6334841628959,413.0,434.0
124,2010-08-04,32.05,987.0,354.0,991.0,478.0,27.805813238990776,3339.389448593517,420.0,345.6334841628959,410.0,434.0
125,2010-08-11,31.9,991.0,366.0,996.0,516.0,27.805813238990776,3339.389448593517,420.0,345.6334841628959,410.0,446.0
126,2010-08-18,31.6,1000.0,375.0,1005.0,527.0,27.805813238990776,3339.389448593517,420.0,345.6334841628959,410.0,463.0
127,2010-08-25,31.4,1040.0,395.0,1012.0,530.0,27.805813238990776,3339.389448593517,420.0,345.6334841628959,410.0,472.0
128,2010-09-01,31.1,1067.0,398.0,1021.0,536.0,27.612505353319055,3219.5158194851547,458.0,345.6334841628959,376.5112781954887,476.0
129,2010-09-08,31.0,1087.0,409.0,1024.0,531.0,27.612505353319055,3219.5158194851547,458.0,345.6334841628959,376.5112781954887,478.0
130,2010-09-15,30.8,1094.0,418.0,1031.0,534.0,27.612505353319055,3219.5158194851547,458.0,345.6334841628959,376.5112781954887,481.0
131,2010-09-22,30.5,1106.0,429.0,1041.0,556.0,27.612505353319055,3219.5158194851547,458.0,345.6334841628959,376.5112781954887,493.0
132,2010-09-29,30.4,1109.0,430.0,1078.0,565.0,27.612505353319055,3219.5158194851547,458.0,345.6334841628959,376.5112781954887,495.0
133,2010-10-06,29.9,1127.0,438.0,1097.0,564.0,27.134322688762683,1935.6643388809384,468.0,345.6334841628959,470.0,493.0
134,2010-10-20,29.9,1127.0,427.0,1097.0,551.0,27.134322688762683,1935.6643388809384,468.0,345.6334841628959,470.0,493.0
135,2010-10-27,29.9,1127.0,427.0,1097.0,551.0,27.134322688762683,1935.6643388809384,468.0,345.6334841628959,470.0,493.0
136,2010-11-03,29.6,1139.0,432.0,1108.0,556.0,26.004997672469973,891.6829378347469,493.0,460.0,475.0,504.0
137,2010-11-10,29.5,1143.0,434.0,1111.0,558.0,26.004997672469973,891.6829378347469,493.0,460.0,475.0,523.0
138,2010-11-17,29.8,1129.0,428.0,1099.0,558.0,26.004997672469973,891.6829378347469,493.0,460.0,475.0,534.0
139,2010-11-24,29.9,1127.0,427.0,1097.0,557.0,26.004997672469973,891.6829378347469,493.0,460.0,475.0,533.0
140,2010-12-02,29.9,1127.0,427.0,1062.0,557.0,24.326271296899726,466.7210969382973,497.0,460.0,475.0,551.0
141,2010-12-08,30.0,1123.0,426.0,1008.0,556.0,24.326271296899726,466.7210969382973,497.0,460.0,475.0,549.0
142,2010-12-15,30.0,1123.0,426.0,1008.0,556.0,24.326271296899726,466.7210969382973,497.0,460.0,475.0,549.0
143,2010-12-22,30.05,1121.0,425.0,989.0,548.0,24.326271296899726,466.7210969382973,497.0,460.0,475.0,548.0
144,2010-12-29,30.05,1121.0,412.0,989.0,541.0,24.326271296899726,466.7210969382973,497.0,460.0,475.0,538.0
145,2011-01-05,30.05,1018.0,412.0,989.0,541.0,23.577208825993853,326.11912579917384,479.0,345.6334841628959,481.0,530.0
146,2011-01-12,30.25,1011.0,409.0,982.0,544.0,23.577208825993853,326.11912579917384,479.0,345.6334841628959,481.0,527.0
147,2011-01-19,30.35,990.0,408.0,979.0,543.0,23.577208825993853,326.11912579917384,479.0,345.6334841628959,481.0,525.0
148,2011-01-26,30.8,977.0,418.0,965.0,541.0,23.577208825993853,326.11912579917384,479.0,345.6334841628959,481.0,518.0
149,2011-02-08,30.6,965.0,428.0,971.0,555.0,25.24033144027558,250.1490411164373,469.0,345.6334841628959,478.0,542.0
150,2011-02-16,30.6,965.0,435.0,988.0,551.0,25.24033144027558,250.1490411164373,469.0,345.6334841628959,478.0,538.0
151,2011-02-23,30.5,952.0,436.0,991.0,547.0,25.24033144027558,250.1490411164373,469.0,345.6334841628959,478.0,533.0
152,2011-03-02,30.5,952.0,436.0,1008.0,529.0,27.324126245228562,687.1635950477787,455.0,345.6334841628959,470.0,516.0
153,2011-03-09,30.2,961.0,434.0,1052.0,524.0,27.324126245228562,687.1635950477787,455.0,345.6334841628959,470.0,511.0
154,2011-03-16,30.3,976.0,425.0,1031.0,523.0,27.324126245228562,687.1635950477787,455.0,345.6334841628959,470.0,503.0
155,2011-03-23,30.15,980.0,421.0,1020.0,519.0,27.324126245228562,687.1635950477787,455.0,345.6334841628959,470.0,499.0
156,2011-04-05,30.1,982.0,421.0,1021.0,513.0,28.693756633460566,1340.1481146685503,475.0,345.6334841628959,475.0,493.0
157,2011-04-12,30.0,967.0,423.0,1025.0,515.0,28.693756633460566,1340.1481146685503,475.0,345.6334841628959,475.0,488.0
158,2011-04-20,29.9,970.0,424.0,1011.0,516.0,28.693756633460566,1340.1481146685503,475.0,345.6334841628959,475.0,489.0
159,2011-04-27,29.8,974.0,425.0,1015.0,518.0,28.693756633460566,1340.1481146685503,475.0,345.6334841628959,475.0,491.0
160,2011-05-04,29.9,970.0,424.0,977.0,516.0,28.145904478167765,2849.9975776362585,473.0,345.6334841628959,482.0,489.0
161,2011-05-11,29.95,987.0,423.0,975.0,515.0,28.145904478167765,2849.9975776362585,473.0,345.6334841628959,482.0,489.0
162,2011-05-18,30.15,976.0,415.0,963.0,506.0,28.145904478167765,2849.9975776362585,473.0,345.6334841628959,482.0,479.0
163,2011-05-25,30.3,971.0,413.0,958.0,497.0,28.145904478167765,2849.9975776362585,473.0,345.6334841628959,482.0,476.0
164,2011-06-01,30.2,974.0,414.0,961.0,499.0,27.470872358253413,3152.385380322358,465.0,345.6334841628959,500.0,481.0
165,2011-06-08,30.2,991.0,414.0,961.0,505.0,27.470872358253413,3152.385380322358,465.0,345.6334841628959,500.0,489.0
166,2011-06-15,30.3,988.0,419.0,958.0,527.0,27.470872358253413,3152.385380322358,465.0,345.6334841628959,500.0,510.0
167,2011-06-22,30.35,1004.0,436.0,973.0,553.0,27.470872358253413,3152.385380322358,465.0,345.6334841628959,500.0,526.0
168,2011-06-29,30.75,991.0,429.0,993.0,529.0,27.470872358253413,3152.385380322358,465.0,345.6334841628959,500.0,503.0
169,2011-07-06,30.35,1021.0,436.0,1007.0,547.0,27.01106787077553,3302.534506434014,506.0,450.0,516.0,519.0
170,2011-07-13,30.25,1059.0,447.0,1010.0,558.0,27.01106787077553,3302.534506434014,506.0,450.0,516.0,539.0
171,2011-07-20,29.8,1074.0,454.0,1060.0,550.0,27.01106787077553,3302.534506434014,506.0,450.0,516.0,547.0
172,2011-07-27,29.6,1082.0,457.0,1067.0,554.0,27.01106787077553,3302.534506434014,506.0,450.0,516.0,550.0
173,2011-08-03,29.6,1082.0,457.0,1067.0,554.0,26.737141793129126,4058.056252335807,555.0,465.0,515.0,550.0
174,2011-08-10,29.8,1074.0,464.0,1060.0,563.0,26.737141793129126,4058.056252335807,555.0,465.0,515.0,547.0
175,2011-08-17,29.7,1078.0,472.0,1063.0,617.0,26.737141793129126,4058.056252335807,555.0,465.0,515.0,565.0
176,2011-08-24,29.7,1078.0,490.0,1063.0,617.0,26.737141793129126,4058.056252335807,555.0,465.0,515.0,600.0
177,2011-08-31,29.9,1071.0,487.0,1056.0,613.0,26.55126338329764,3912.384734358693,568.0,481.0,508.0,578.0
178,2011-09-07,29.9,1089.0,494.0,1056.0,647.0,26.55126338329764,3912.384734358693,568.0,481.0,508.0,613.0
179,2011-09-21,30.4,1104.0,502.0,1038.0,619.0,26.55126338329764,3912.384734358693,568.0,481.0,508.0,603.0
180,2011-09-28,30.85,1106.0,505.0,1024.0,620.0,26.55126338329764,3912.384734358693,568.0,481.0,508.0,610.0
181,2011-10-05,31.1,1113.0,501.0,1016.0,606.0,26.091458895819752,2352.236806679625,573.0,475.0,484.0,599.0
182,2011-10-12,30.9,1120.0,504.0,1022.0,609.0,26.091458895819752,2352.236806679625,573.0,475.0,484.0,603.0
183,2011-10-19,30.6,1132.0,509.0,1032.0,615.0,26.091458895819752,2352.236806679625,573.0,475.0,484.0,609.0
184,2011-10-26,30.75,1126.0,506.0,993.0,612.0,26.091458895819752,2352.236806679625,573.0,475.0,484.0,606.0
185,2011-11-02,30.8,1124.0,528.0,992.0,611.0,25.005537659435802,1083.5811685592687,554.0,464.0,454.0,611.0
186,2011-11-09,30.6,1132.0,565.0,982.0,632.0,25.005537659435802,1083.5811685592687,554.0,464.0,454.0,632.0
187,2011-11-16,30.7,1127.0,563.0,979.0,630.0,25.005537659435802,1083.5811685592687,554.0,464.0,454.0,647.0
188,2011-11-23,31.1,1113.0,556.0,966.0,622.0,25.005537659435802,1083.5811685592687,554.0,464.0,454.0,639.0
189,2011-11-30,31.15,1112.0,572.0,949.0,605.0,25.005537659435802,1083.5811685592687,554.0,464.0,454.0,638.0
190,2011-12-07,30.65,1129.0,581.0,948.0,614.0,23.391330416162365,567.1636970420415,498.0,457.0,457.0,631.0
191,2011-12-14,31.1,1113.0,556.0,901.0,599.0,23.391330416162365,567.1636970420415,498.0,457.0,457.0,606.0
192,2011-12-21,31.0,1100.0,558.0,904.0,598.0,23.391330416162365,567.1636970420415,498.0,457.0,457.0,574.0
193,2011-12-28,31.4,1086.0,534.0,893.0,573.0,23.391330416162365,567.1636970420415,498.0,457.0,457.0,567.0
194,2012-01-11,31.5,1066.0,517.0,889.0,533.0,24.37597989014058,252.16485947665447,448.0,440.0,439.0,533.0
195,2012-01-18,31.7,1043.0,513.0,883.0,529.0,24.37597989014058,252.16485947665447,448.0,440.0,439.0,529.0
196,2012-02-01,30.9,1070.0,527.0,907.0,560.0,26.09544735127083,193.4225649807199,426.0,464.0,443.0,544.0
197,2012-02-08,30.6,1081.0,532.0,915.0,575.0,26.09544735127083,193.4225649807199,426.0,464.0,443.0,549.0
198,2012-02-15,30.75,1075.0,529.0,911.0,572.0,26.09544735127083,193.4225649807199,426.0,464.0,443.0,546.0
199,2012-02-22,30.6,1081.0,532.0,899.0,575.0,26.09544735127083,193.4225649807199,426.0,464.0,443.0,549.0
200,2012-02-29,30.1,1098.0,541.0,914.0,584.0,26.09544735127083,193.4225649807199,426.0,464.0,443.0,558.0
201,2012-03-14,30.6,1081.0,532.0,865.0,615.0,28.24983893492226,531.3350174052711,420.0,440.0,463.0,549.0
202,2012-03-21,30.6,1081.0,549.0,865.0,632.0,28.24983893492226,531.3350174052711,420.0,440.0,463.0,549.0
203,2012-03-28,30.6,1081.0,549.0,832.0,625.0,28.24983893492226,531.3350174052711,420.0,440.0,463.0,549.0
204,2012-04-04,30.9,1070.0,544.0,791.0,609.0,29.6658709617354,1036.2417726502886,436.0,443.0,471.0,550.0
205,2012-04-11,30.9,1052.0,540.0,769.0,606.0,29.6658709617354,1036.2417726502886,436.0,443.0,471.0,546.0
206,2012-04-18,30.75,1057.0,542.0,773.0,608.0,29.6658709617354,1036.2417726502886,436.0,443.0,471.0,549.0
207,2012-04-25,30.85,1054.0,558.0,771.0,607.0,29.6658709617354,1036.2417726502886,436.0,443.0,471.0,564.0
208,2012-05-02,30.7,1059.0,561.0,791.0,616.0,29.099458151010147,2203.7015980351107,426.0,424.0,471.0,577.0
209,2012-05-09,30.9,1052.0,557.0,786.0,622.0,29.099458151010147,2203.7015980351107,426.0,424.0,471.0,606.0
210,2012-05-16,31.25,1039.0,550.0,777.0,624.0,29.099458151010147,2203.7015980351107,426.0,424.0,471.0,615.0
211,2012-05-23,31.4,1051.0,547.0,756.0,628.0,29.099458151010147,2203.7015980351107,426.0,424.0,471.0,612.0
212,2012-05-30,31.7,1057.0,542.0,782.0,622.0,29.099458151010147,2203.7015980351107,426.0,424.0,471.0,606.0
213,2012-06-06,31.4,1067.0,547.0,789.0,628.0,28.401556652080806,2437.516703435432,415.0,418.0,468.0,612.0
214,2012-06-13,31.5,1064.0,545.0,787.0,610.0,28.401556652080806,2437.516703435432,415.0,418.0,468.0,610.0
215,2012-06-20,31.4,1067.0,547.0,789.0,612.0,28.401556652080806,2437.516703435432,415.0,418.0,468.0,612.0
216,2012-06-27,31.7,1057.0,542.0,782.0,603.0,28.401556652080806,2437.516703435432,415.0,418.0,468.0,606.0
217,2012-07-04,31.4,1067.0,547.0,789.0,609.0,27.926174471650683,2553.616405327201,409.0,420.0,471.0,612.0
218,2012-07-11,31.65,1059.0,543.0,783.0,594.0,27.926174471650683,2553.616405327201,409.0,420.0,471.0,601.0
219,2012-07-18,31.5,1064.0,530.0,787.0,572.0,27.926174471650683,2553.616405327201,409.0,420.0,471.0,578.0
220,2012-07-25,31.7,1057.0,526.0,782.0,562.0,27.926174471650683,2553.616405327201,409.0,420.0,471.0,559.0
221,2012-08-01,31.4,1067.0,531.0,789.0,574.0,27.64296806628805,3137.8079470529788,433.0,421.0,458.0,564.0
222,2012-08-08,31.4,1067.0,531.0,789.0,580.0,27.64296806628805,3137.8079470529788,433.0,421.0,458.0,564.0
223,2012-08-15,31.4,1083.0,531.0,789.0,612.0,27.64296806628805,3137.8079470529788,433.0,421.0,458.0,564.0
224,2012-08-22,31.3,1087.0,533.0,792.0,620.0,27.64296806628805,3137.8079470529788,433.0,421.0,458.0,566.0
225,2012-08-29,31.3,1104.0,533.0,792.0,620.0,27.64296806628805,3137.8079470529788,433.0,421.0,458.0,582.0
226,2012-09-05,31.2,1107.0,535.0,794.0,622.0,27.45079229122055,3025.1704629114615,455.0,435.0,458.0,600.0
227,2012-09-12,30.85,1119.0,541.0,803.0,607.0,27.45079229122055,3025.1704629114615,455.0,435.0,458.0,590.0
228,2012-09-19,30.7,1125.0,543.0,807.0,600.0,27.45079229122055,3025.1704629114615,455.0,435.0,458.0,577.0
229,2012-09-26,30.85,1119.0,541.0,803.0,590.0,27.45079229122055,3025.1704629114615,455.0,435.0,458.0,574.0
230,2012-10-03,30.65,1127.0,544.0,808.0,594.0,26.975410110790428,1818.8183914654803,450.0,442.0,442.0,578.0
231,2012-10-10,30.65,1127.0,544.0,792.0,584.0,26.975410110790428,1818.8183914654803,450.0,442.0,442.0,571.0
232,2012-10-17,30.55,1130.0,546.0,794.0,612.0,26.975410110790428,1818.8183914654803,450.0,442.0,442.0,583.0
233,2012-10-24,30.65,1110.0,544.0,792.0,610.0,26.975410110790428,1818.8183914654803,450.0,442.0,442.0,581.0
234,2012-10-31,30.65,1110.0,544.0,792.0,610.0,25.852699003817147,837.8566955608748,449.0,434.0,436.0,581.0
235,2012-11-07,30.65,1110.0,544.0,792.0,607.0,25.852699003817147,837.8566955608748,449.0,434.0,436.0,581.0
236,2012-11-14,30.6,1112.0,545.0,793.0,602.0,25.852699003817147,837.8566955608748,449.0,434.0,436.0,582.0
237,2012-11-21,30.6,1112.0,545.0,793.0,602.0,25.852699003817147,837.8566955608748,449.0,434.0,436.0,582.0
238,2012-11-28,30.6,1112.0,545.0,793.0,592.0,25.852699003817147,837.8566955608748,449.0,434.0,436.0,582.0
239,2012-12-04,30.6,1112.0,545.0,793.0,579.0,24.183804115073084,438.5475816985295,415.0,430.0,430.0,582.0
240,2012-12-12,30.6,1112.0,545.0,793.0,579.0,24.183804115073084,438.5475816985295,415.0,430.0,430.0,582.0
241,2012-12-19,30.45,1117.0,548.0,797.0,582.0,24.183804115073084,438.5475816985295,415.0,430.0,430.0,585.0
242,2012-12-26,30.5,1132.0,547.0,829.0,581.0,24.183804115073084,438.5475816985295,415.0,430.0,430.0,584.0
243,2013-01-09,30.3,1123.0,550.0,868.0,584.0,24.05288148217112,288.54634051834586,405.0,430.0,418.0,588.0
244,2013-01-16,29.8,1159.0,561.0,916.0,611.0,24.05288148217112,288.54634051834586,405.0,430.0,418.0,597.0
245,2013-01-23,29.7,1180.0,562.0,919.0,613.0,24.05288148217112,288.54634051834586,405.0,430.0,418.0,599.0
246,2013-01-30,29.7,1180.0,562.0,919.0,606.0,24.05288148217112,288.54634051834586,405.0,430.0,418.0,599.0
247,2013-02-06,29.7,1180.0,562.0,919.0,603.0,25.749557769295222,221.3289092488548,400.0,438.0,423.0,599.0
248,2013-02-13,29.7,1180.0,562.0,919.0,603.0,25.749557769295222,221.3289092488548,400.0,438.0,423.0,599.0
249,2013-02-20,29.7,1180.0,562.0,919.0,603.0,25.749557769295222,221.3289092488548,400.0,438.0,423.0,599.0
250,2013-02-27,29.7,1180.0,562.0,919.0,593.0,25.749557769295222,221.3289092488548,400.0,438.0,423.0,589.0
251,2013-03-06,29.7,1180.0,562.0,902.0,576.0,27.87539335257425,607.994211325613,399.0,444.0,433.0,579.0
252,2013-03-20,29.15,1220.0,556.0,919.0,569.0,27.87539335257425,607.994211325613,399.0,444.0,433.0,573.0
253,2013-03-27,29.2,1218.0,547.0,917.0,569.0,27.87539335257425,607.994211325613,399.0,444.0,433.0,565.0
254,2013-04-03,29.3,1214.0,545.0,914.0,567.0,29.272656177264682,1185.7471814710425,383.0,441.0,427.0,563.0
255,2013-04-10,28.9,1230.0,553.0,927.0,567.0,29.272656177264682,1185.7471814710425,383.0,441.0,427.0,571.0
256,2013-04-24,28.75,1236.0,556.0,949.0,563.0,29.272656177264682,1185.7471814710425,383.0,441.0,427.0,574.0
257,2013-05-02,29.25,1216.0,546.0,950.0,553.0,28.71375104738851,2521.644106269023,375.0,450.0,432.0,564.0
258,2013-05-08,29.5,1206.0,541.0,960.0,566.0,28.71375104738851,2521.644106269023,375.0,450.0,432.0,559.0
259,2013-05-15,29.7,1197.0,538.0,953.0,562.0,28.71375104738851,2521.644106269023,375.0,450.0,432.0,556.0
260,2013-05-22,29.7,1204.0,538.0,953.0,562.0,28.71375104738851,2521.644106269023,375.0,450.0,432.0,556.0
261,2013-05-29,30.0,1192.0,533.0,978.0,557.0,28.71375104738851,2521.644106269023,375.0,450.0,432.0,549.0
262,2013-06-05,30.4,1186.0,526.0,965.0,549.0,28.025100083791074,2789.193253129512,369.0,445.0,454.0,542.0
263,2013-06-12,31.0,1164.0,516.0,945.0,551.0,28.025100083791074,2789.193253129512,369.0,445.0,454.0,532.0
264,2013-06-19,30.6,1178.0,522.0,958.0,562.0,28.025100083791074,2789.193253129512,369.0,445.0,454.0,539.0
265,2013-06-26,31.0,1154.0,506.0,929.0,548.0,28.025100083791074,2789.193253129512,369.0,445.0,454.0,522.0
266,2013-07-03,30.9,1158.0,507.0,932.0,543.0,27.556018992645004,2922.043421807524,389.0,443.0,425.0,524.0
267,2013-07-17,30.79,1162.0,509.0,952.0,548.0,27.556018992645004,2922.043421807524,389.0,443.0,425.0,525.0
268,2013-07-24,30.68,1166.0,511.0,955.0,550.0,27.556018992645004,2922.043421807524,389.0,443.0,425.0,527.0
269,2013-07-31,31.1,1150.0,504.0,958.0,543.0,27.27656642770691,3590.520115493504,391.0,431.0,420.0,520.0
270,2013-08-07,31.19,1157.0,487.0,956.0,535.0,27.27656642770691,3590.520115493504,391.0,431.0,420.0,512.0
271,2013-08-14,31.07,1161.0,479.0,960.0,527.0,27.27656642770691,3590.520115493504,391.0,431.0,420.0,505.0
272,2013-08-21,30.6,1141.0,465.0,943.0,496.0,27.27656642770691,3590.520115493504,391.0,431.0,420.0,465.0
273,2013-08-28,32.04,1141.0,426.0,946.0,474.0,27.27656642770691,3590.520115493504,391.0,431.0,420.0,442.0
274,2013-09-04,32.1,1139.0,410.0,929.0,461.0,27.086937901498928,3461.6316814679176,363.0,413.0,396.0,441.0
275,2013-09-11,32.05,1141.0,410.0,930.0,468.0,27.086937901498928,3461.6316814679176,363.0,413.0,396.0,442.0
276,2013-09-18,31.55,1160.0,401.0,945.0,469.0,27.086937901498928,3461.6316814679176,363.0,413.0,396.0,449.0
277,2013-09-25,31.2,1172.0,405.0,955.0,464.0,27.086937901498928,3461.6316814679176,363.0,413.0,396.0,444.0
278,2013-10-02,31.14,1174.0,406.0,957.0,455.0,26.61785681035285,2081.231270741021,395.0,418.0,381.0,445.0
279,2013-10-09,31.15,1174.0,406.0,957.0,441.0,26.61785681035285,2081.231270741021,395.0,418.0,381.0,445.0
280,2013-10-16,31.1,1176.0,407.0,958.0,439.0,26.61785681035285,2081.231270741021,395.0,418.0,381.0,439.0
281,2013-10-22,31.1,1176.0,400.0,958.0,449.0,26.61785681035285,2081.231270741021,395.0,418.0,381.0,432.0
282,2013-10-30,30.9,1183.0,393.0,966.0,445.0,26.61785681035285,2081.231270741021,395.0,418.0,381.0,435.0
283,2013-11-06,31.1,1176.0,375.0,958.0,449.0,25.510026999348288,958.7397858870439,403.0,415.0,379.0,439.0
284,2013-11-13,31.5,1161.0,370.0,946.0,449.0,25.510026999348288,958.7397858870439,403.0,415.0,379.0,433.0
285,2013-11-27,32.0,1143.0,364.0,932.0,475.0,25.510026999348288,958.7397858870439,403.0,415.0,379.0,442.0
286,2013-12-04,32.1,1139.0,346.0,913.0,473.0,23.86325295596313,501.8197226406015,427.0,413.0,390.0,450.0
287,2013-12-11,31.9,1146.0,349.0,919.0,467.0,23.86325295596313,501.8197226406015,427.0,413.0,390.0,453.0
288,2013-12-18,32.1,1156.0,346.0,882.0,458.0,23.86325295596313,501.8197226406015,427.0,413.0,390.0,450.0
289,2014-01-08,33.0,954.0,307.0,857.0,444.0,24.14263103994041,241.2202638601579,404.0,408.0,396.0,438.0
290,2014-01-15,32.73,962.0,309.0,865.0,464.0,24.14263103994041,241.2202638601579,404.0,408.0,396.0,455.0
291,2014-01-22,32.7,963.0,310.0,866.0,464.0,24.14263103994041,241.2202638601579,404.0,408.0,396.0,455.0
292,2014-01-29,32.8,960.0,309.0,863.0,463.0,24.14263103994041,241.2202638601579,404.0,408.0,396.0,453.0
293,2014-02-08,32.65,964.0,310.0,867.0,465.0,25.84563820873289,185.02753420120123,398.0,419.0,398.0,456.0
294,2014-02-12,32.55,967.0,311.0,870.0,467.0,25.84563820873289,185.02753420120123,398.0,419.0,398.0,460.0
295,2014-02-19,32.37,972.0,313.0,875.0,469.0,25.84563820873289,185.02753420120123,398.0,419.0,398.0,463.0
296,2014-02-26,32.32,974.0,310.0,876.0,470.0,25.84563820873289,185.02753420120123,398.0,419.0,398.0,458.0
297,2014-03-05,32.24,976.0,311.0,878.0,456.0,27.979406014337584,508.2737276028224,388.0,419.0,400.0,448.0
298,2014-03-12,32.11,964.0,312.0,866.0,441.0,27.979406014337584,508.2737276028224,388.0,419.0,400.0,435.0
299,2014-03-19,31.88,956.0,314.0,872.0,413.0,27.979406014337584,508.2737276028224,388.0,419.0,400.0,413.0
300,2014-03-26,32.34,941.0,310.0,860.0,401.0,27.979406014337584,508.2737276028224,388.0,419.0,400.0,391.0
301,2014-04-02,32.15,948.0,312.0,833.0,409.0,29.381882506284324,991.2662467736192,388.0,429.0,410.0,394.0
302,2014-04-09,31.96,953.0,310.0,791.0,418.0,29.381882506284324,991.2662467736192,388.0,429.0,410.0,396.0
303,2014-04-23,32.14,948.0,299.0,755.0,425.0,29.381882506284324,991.2662467736192,388.0,429.0,410.0,394.0
304,2014-04-30,32.05,951.0,300.0,725.0,420.0,29.381882506284324,991.2662467736192,388.0,429.0,410.0,395.0
305,2014-05-08,32.19,947.0,299.0,722.0,421.0,28.82089190950563,2108.0553493865973,403.0,422.0,423.0,393.0
306,2014-05-14,32.3,942.0,298.0,814.0,417.0,28.82089190950563,2108.0553493865973,403.0,422.0,423.0,389.0
307,2014-05-21,32.25,945.0,298.0,830.0,417.0,28.82089190950563,2108.0553493865973,403.0,422.0,423.0,386.0
308,2014-05-28,32.44,938.0,297.0,841.0,415.0,28.82089190950563,2108.0553493865973,403.0,422.0,423.0,384.0
309,2014-06-04,32.43,939.0,312.0,841.0,421.0,28.129671352760443,2331.7222851214624,405.0,425.0,438.0,390.0
310,2014-06-11,32.3,959.0,313.0,845.0,423.0,28.129671352760443,2331.7222851214624,405.0,425.0,438.0,392.0
311,2014-06-18,32.27,983.0,314.0,845.0,429.0,28.129671352760443,2331.7222851214624,405.0,425.0,438.0,398.0
312,2014-06-25,32.23,992.0,314.0,847.0,439.0,28.129671352760443,2331.7222851214624,405.0,425.0,438.0,408.0
313,2014-07-02,32.14,996.0,315.0,849.0,434.0,27.65883995903547,2442.782964958222,431.0,432.0,441.0,409.0
314,2014-07-09,32.1,997.0,315.0,850.0,435.0,27.65883995903547,2442.782964958222,431.0,432.0,441.0,410.0
315,2014-07-16,31.94,1017.0,333.0,854.0,449.0,27.65883995903547,2442.782964958222,431.0,432.0,441.0,427.0
316,2014-07-23,31.54,1030.0,337.0,866.0,456.0,27.65883995903547,2442.782964958222,431.0,432.0,441.0,433.0
317,2014-07-30,31.6,1028.0,336.0,864.0,455.0,27.65883995903547,2442.782964958222,431.0,432.0,441.0,432.0
318,2014-08-06,31.93,1018.0,342.0,887.0,450.0,27.378344660646114,3001.6191094250953,455.0,439.0,439.0,443.0
319,2014-08-14,31.68,1026.0,345.0,894.0,453.0,27.378344660646114,3001.6191094250953,455.0,439.0,439.0,447.0
320,2014-08-20,31.68,1033.0,345.0,894.0,453.0,27.378344660646114,3001.6191094250953,455.0,439.0,439.0,447.0
321,2014-08-27,31.66,1034.0,345.0,894.0,447.0,27.378344660646114,3001.6191094250953,455.0,439.0,439.0,441.0
322,2014-09-03,31.85,1028.0,333.0,889.0,435.0,27.188008565310486,2893.8703782912216,448.0,434.0,430.0,422.0
323,2014-09-10,31.86,1028.0,333.0,889.0,435.0,27.188008565310486,2893.8703782912216,448.0,434.0,430.0,432.0
324,2014-09-17,31.97,1024.0,332.0,886.0,433.0,27.188008565310486,2893.8703782912216,448.0,434.0,430.0,433.0
325,2014-09-24,32.01,1023.0,347.0,885.0,442.0,27.188008565310486,2893.8703782912216,448.0,434.0,430.0,442.0
326,2014-10-01,32.2,1017.0,345.0,879.0,433.0,26.717177171585508,1739.87705191583,440.0,409.0,400.0,433.0
327,2014-10-08,32.39,1011.0,343.0,842.0,431.0,26.717177171585508,1739.87705191583,440.0,409.0,400.0,428.0
328,2014-10-15,32.28,1015.0,345.0,845.0,432.0,26.717177171585508,1739.87705191583,440.0,409.0,400.0,429.0
329,2014-10-22,32.04,1022.0,347.0,851.0,432.0,26.717177171585508,1739.87705191583,440.0,409.0,400.0,426.0
330,2014-10-29,32.23,1016.0,345.0,847.0,424.0,26.717177171585508,1739.87705191583,440.0,409.0,400.0,424.0
331,2014-11-05,32.43,1041.0,343.0,841.0,421.0,25.6052136672563,801.491586098282,420.0,398.0,395.0,421.0
332,2014-11-12,32.62,1035.0,335.0,836.0,419.0,25.6052136672563,801.491586098282,420.0,398.0,395.0,413.0
333,2014-11-26,32.52,1038.0,336.0,839.0,420.0,25.6052136672563,801.491586098282,420.0,398.0,395.0,420.0
334,2014-12-03,32.65,1034.0,335.0,805.0,418.0,23.95229494460478,419.513502365492,392.0,393.0,382.0,418.0
335,2014-12-11,32.55,1037.0,329.0,777.0,416.0,23.95229494460478,419.513502365492,392.0,393.0,382.0,420.0
336,2014-12-17,32.8,1029.0,327.0,771.0,419.0,23.95229494460478,419.513502365492,392.0,393.0,382.0,416.0
337,2014-12-24,32.65,1034.0,335.0,836.0,421.0,23.95229494460478,419.513502365492,392.0,393.0,382.0,418.0
338,2015-01-07,32.67,948.0,328.0,805.0,415.0,24.501629271017595,232.72382303495434,374.0,393.0,373.0,418.0
339,2015-01-14,32.57,951.0,329.0,807.0,422.0,24.501629271017595,232.72382303495434,374.0,393.0,373.0,419.0
340,2015-01-21,32.48,954.0,330.0,809.0,430.0,24.501629271017595,232.72382303495434,374.0,393.0,373.0,420.0
341,2015-01-28,32.36,957.0,331.0,812.0,431.0,24.501629271017595,232.72382303495434,374.0,393.0,373.0,422.0
342,2015-02-03,32.29,959.0,332.0,814.0,432.0,26.229959966483566,178.51035579248673,355.0,394.0,349.0,423.0
343,2015-02-11,32.4,956.0,331.0,811.0,431.0,26.229959966483566,178.51035579248673,355.0,394.0,349.0,421.0
344,2015-02-25,32.32,926.0,329.0,813.0,426.0,26.229959966483566,178.51035579248673,355.0,394.0,349.0,416.0
345,2015-03-03,32.12,932.0,331.0,818.0,428.0,28.39545666139093,490.37092963520814,367.0,388.0,354.0,419.0
346,2015-03-11,32.42,924.0,328.0,811.0,421.0,28.39545666139093,490.37092963520814,367.0,388.0,354.0,415.0
347,2015-03-18,32.66,917.0,328.0,774.0,409.0,28.39545666139093,490.37092963520814,367.0,388.0,354.0,403.0
348,2015-03-25,32.28,927.0,332.0,783.0,408.0,28.39545666139093,490.37092963520814,367.0,388.0,354.0,401.0
349,2015-04-01,32.26,928.0,332.0,784.0,402.0,29.818787822362903,956.3511244992471,358.0,373.0,377.0,402.0
350,2015-04-08,32.32,926.0,332.0,782.0,401.0,29.818787822362903,956.3511244992471,358.0,373.0,377.0,401.0
351,2015-04-22,32.14,931.0,334.0,787.0,403.0,29.818787822362903,956.3511244992471,358.0,373.0,377.0,400.0
352,2015-04-29,32.43,923.0,331.0,795.0,396.0,29.818787822362903,956.3511244992471,358.0,373.0,377.0,393.0
353,2015-05-13,33.45,896.0,321.0,801.0,384.0,29.249455357974117,2033.8038447837314,355.0,373.0,388.0,381.0
354,2015-05-27,33.57,877.0,325.0,798.0,383.0,29.249455357974117,2033.8038447837314,355.0,373.0,388.0,380.0
355,2015-06-03,33.43,880.0,327.0,801.0,385.0,28.547956428637924,2249.5926161653415,353.0,374.0,393.0,379.0
356,2015-06-10,33.44,865.0,327.0,786.0,379.0,28.547956428637924,2249.5926161653415,353.0,374.0,393.0,373.0
357,2015-06-17,33.43,865.0,327.0,786.0,379.0,28.547956428637924,2249.5926161653415,353.0,374.0,393.0,373.0
358,2015-06-24,33.55,862.0,326.0,769.0,386.0,28.547956428637924,2249.5926161653415,353.0,374.0,393.0,380.0
359,2015-07-01,33.52,863.0,326.0,770.0,387.0,28.070123824597335,2356.7414335443636,350.0,387.0,380.0,381.0
360,2015-07-08,33.77,886.0,324.0,823.0,399.0,28.070123824597335,2356.7414335443636,350.0,387.0,380.0,390.0
361,2015-07-15,33.82,916.0,323.0,837.0,410.0,28.070123824597335,2356.7414335443636,350.0,387.0,380.0,404.0
362,2015-07-21,34.25,904.0,319.0,826.0,405.0,28.070123824597335,2356.7414335443636,350.0,387.0,380.0,399.0
363,2015-07-29,34.66,894.0,315.0,817.0,394.0,28.070123824597335,2356.7414335443636,350.0,387.0,380.0,388.0
364,2015-08-05,34.89,887.0,322.0,811.0,392.0,27.78545759240294,2895.89383272191,343.0,363.0,345.0,377.0
365,2015-08-13,34.95,871.0,327.0,810.0,388.0,27.78545759240294,2895.89383272191,343.0,363.0,345.0,377.0
366,2015-08-19,35.36,847.0,323.0,786.0,384.0,27.78545759240294,2895.89383272191,343.0,363.0,345.0,370.0
367,2015-08-26,35.41,846.0,323.0,785.0,383.0,27.78545759240294,2895.89383272191,343.0,363.0,345.0,369.0
368,2015-09-02,35.52,843.0,322.0,783.0,376.0,27.592291220556742,2791.9403081076694,329.0,366.0,320.0,368.0
369,2015-09-09,35.77,837.0,314.0,778.0,368.0,27.592291220556742,2791.9403081076694,329.0,366.0,320.0,360.0
370,2015-09-15,35.75,823.0,314.0,792.0,363.0,27.592291220556742,2791.9403081076694,329.0,366.0,320.0,354.0
371,2015-09-23,35.93,819.0,313.0,788.0,361.0,27.592291220556742,2791.9403081076694,329.0,366.0,320.0,352.0
372,2015-09-30,36.11,815.0,311.0,784.0,359.0,27.592291220556742,2791.9403081076694,329.0,366.0,320.0,350.0
373,2015-10-07,35.7,824.0,320.0,793.0,374.0,27.114458616516153,1678.5937990988011,364.0,355.0,311.0,372.0
374,2015-10-14,35.38,832.0,323.0,800.0,378.0,27.114458616516153,1678.5937990988011,364.0,355.0,311.0,375.0
375,2015-10-21,35.14,837.0,331.0,806.0,380.0,27.114458616516153,1678.5937990988011,364.0,355.0,311.0,375.0
376,2015-10-28,35.28,820.0,330.0,802.0,376.0,27.114458616516153,1678.5937990988011,364.0,355.0,311.0,370.0
377,2015-11-04,35.25,820.0,330.0,803.0,374.0,25.98596033888837,773.2608490772395,376.0,350.0,323.0,371.0
378,2015-11-09,35.57,813.0,327.0,796.0,367.0,25.98596033888837,773.2608490772395,376.0,350.0,323.0,367.0
379,2015-11-18,35.77,809.0,325.0,791.0,371.0,25.98596033888837,773.2608490772395,376.0,350.0,323.0,365.0
380,2015-11-25,35.42,817.0,334.0,771.0,372.0,25.98596033888837,773.2608490772395,376.0,350.0,323.0,369.0
381,2015-12-02,35.55,814.0,333.0,768.0,368.0,24.3084628991714,404.737083539051,377.0,357.0,334.0,368.0
382,2015-12-09,35.67,782.0,332.0,766.0,364.0,24.3084628991714,404.737083539051,377.0,357.0,334.0,366.0
383,2015-12-16,35.74,780.0,331.0,792.0,363.0,24.3084628991714,404.737083539051,377.0,357.0,334.0,360.0
384,2015-12-23,35.83,779.0,330.0,790.0,362.0,24.3084628991714,404.737083539051,377.0,357.0,334.0,356.0
385,2016-01-06,35.98,733.0,329.0,815.0,372.0,24.60035378456382,262.229495840859,359.0,360.0,340.0,366.0
386,2016-01-13,36.02,732.0,329.0,814.0,371.0,24.60035378456382,262.229495840859,359.0,360.0,340.0,366.0
387,2016-01-20,36.04,731.0,328.0,813.0,377.0,24.60035378456382,262.229495840859,359.0,360.0,340.0,365.0
388,2016-01-27,35.58,766.0,337.0,828.0,389.0,24.60035378456382,262.229495840859,359.0,360.0,340.0,380.0
389,2016-02-03,35.56,752.0,337.0,829.0,389.0,26.335648449865,201.14262472735916,354.0,363.0,345.0,383.0
390,2016-02-10,35.15,761.0,341.0,838.0,393.0,26.335648449865,201.14262472735916,354.0,363.0,345.0,388.0
391,2016-02-17,35.41,741.0,339.0,818.0,391.0,26.335648449865,201.14262472735916,354.0,363.0,345.0,382.0
392,2016-02-24,35.47,725.0,338.0,817.0,390.0,26.335648449865,201.14262472735916,354.0,363.0,345.0,382.0
393,2016-03-02,35.36,727.0,339.0,819.0,388.0,28.509870589330603,552.5421505040342,381.0,370.0,340.0,380.0
394,2016-03-09,35.1,732.0,342.0,825.0,388.0,28.509870589330603,552.5421505040342,381.0,370.0,340.0,383.0
395,2016-03-16,34.8,740.0,345.0,832.0,392.0,28.509870589330603,552.5421505040342,381.0,370.0,340.0,386.0
396,2016-03-23,34.78,740.0,345.0,847.0,395.0,28.509870589330603,552.5421505040342,381.0,370.0,340.0,386.0
397,2016-03-30,35.0,720.0,343.0,842.0,395.0,28.509870589330603,552.5421505040342,381.0,370.0,340.0,384.0
398,2016-04-08,34.94,721.0,352.0,859.0,399.0,29.93893678428451,1077.6012096819557,374.0,373.0,346.0,390.0
399,2016-04-20,34.62,728.0,356.0,867.0,405.0,29.93893678428451,1077.6012096819557,374.0,373.0,346.0,397.0
400,2016-04-27,34.92,722.0,352.0,874.0,410.0,29.93893678428451,1077.6012096819557,374.0,373.0,346.0,399.0
401,2016-05-11,34.94,721.0,359.0,902.0,439.0,29.36731030630295,2291.6577680005503,376.0,380.0,391.0,424.0
402,2016-05-18,35.32,743.0,355.0,892.0,448.0,29.36731030630295,2291.6577680005503,376.0,380.0,391.0,434.0
403,2016-05-25,35.47,754.0,352.0,888.0,446.0,29.36731030630295,2291.6577680005503,376.0,380.0,391.0,441.0
404,2016-06-01,35.47,768.0,352.0,860.0,446.0,28.66298482450423,2534.8051174621432,374.0,385.0,410.0,441.0
405,2016-06-08,34.98,779.0,358.0,872.0,453.0,28.66298482450423,2534.8051174621432,374.0,385.0,410.0,441.0
406,2016-06-15,35.1,776.0,357.0,869.0,451.0,28.66298482450423,2534.8051174621432,374.0,385.0,410.0,440.0
407,2016-06-22,35.0,764.0,358.0,856.0,468.0,28.66298482450423,2534.8051174621432,374.0,385.0,410.0,441.0
408,2016-06-29,35.0,764.0,361.0,856.0,482.0,28.66298482450423,2534.8051174621432,374.0,385.0,410.0,441.0
409,2016-07-06,34.99,764.0,361.0,857.0,496.0,28.183226887626848,2655.5386976982554,377.0,390.0,405.0,441.0
410,2016-07-13,34.95,751.0,361.0,873.0,497.0,28.183226887626848,2655.5386976982554,377.0,390.0,405.0,441.0
411,2016-07-20,34.8,754.0,363.0,877.0,493.0,28.183226887626848,2655.5386976982554,377.0,390.0,405.0,443.0
412,2016-08-03,34.54,745.0,366.0,853.0,474.0,27.89741364863606,3263.047030854515,350.0,382.0,363.0,447.0
413,2016-08-10,34.55,715.0,371.0,853.0,444.0,27.89741364863606,3263.047030854515,350.0,382.0,363.0,432.0
414,2016-08-17,34.37,719.0,373.0,857.0,431.0,27.89741364863606,3263.047030854515,350.0,382.0,363.0,420.0
415,2016-08-24,34.39,718.0,358.0,857.0,402.0,27.89741364863606,3263.047030854515,350.0,382.0,363.0,388.0
416,2016-08-31,34.35,719.0,359.0,873.0,403.0,27.70346895074946,3145.9138555956233,334.0,359.0,333.0,388.0
417,2016-09-07,34.33,719.0,359.0,874.0,403.0,27.70346895074946,3145.9138555956233,334.0,359.0,333.0,388.0
418,2016-09-14,34.68,712.0,355.0,865.0,393.0,27.70346895074946,3145.9138555956233,334.0,359.0,333.0,384.0
419,2016-09-21,34.53,701.0,357.0,869.0,395.0,27.70346895074946,3145.9138555956233,334.0,359.0,333.0,386.0
420,2016-09-28,34.35,704.0,359.0,873.0,388.0,27.70346895074946,3145.9138555956233,334.0,359.0,333.0,379.0
421,2016-10-05,34.51,701.0,357.0,854.0,386.0,27.223711013872077,1891.4127480329234,345.0,350.0,343.0,372.0
422,2016-10-12,35.24,686.0,343.0,808.0,378.0,27.223711013872077,1891.4127480329234,345.0,350.0,343.0,364.0
423,2016-10-19,34.67,668.0,349.0,821.0,384.0,27.223711013872077,1891.4127480329234,345.0,350.0,343.0,370.0
424,2016-10-26,34.74,667.0,348.0,819.0,384.0,27.223711013872077,1891.4127480329234,345.0,350.0,343.0,369.0
425,2016-11-16,35.15,659.0,333.0,796.0,365.0,26.090665673587186,871.2980044872477,345.0,351.0,353.0,356.0
426,2016-11-23,35.23,658.0,332.0,808.0,364.0,26.090665673587186,871.2980044872477,345.0,351.0,353.0,364.0
427,2016-11-30,35.37,655.0,331.0,777.0,380.0,26.090665673587186,871.2980044872477,345.0,351.0,353.0,374.0
428,2016-12-07,35.4,669.0,330.0,776.0,379.0,24.406409086677215,456.05129711453736,337.0,353.0,352.0,374.0
429,2016-12-14,35.3,671.0,334.0,778.0,380.0,24.406409086677215,456.05129711453736,337.0,353.0,352.0,375.0
430,2016-12-21,35.77,662.0,330.0,768.0,387.0,24.406409086677215,456.05129711453736,337.0,353.0,352.0,370.0
431,2017-01-11,35.33,642.0,334.0,778.0,391.0,24.169555907271203,325.3129061490292,340.0,366.0,381.0,377.0
432,2017-01-18,35.04,647.0,337.0,784.0,392.0,24.169555907271203,325.3129061490292,340.0,366.0,381.0,380.0
433,2017-01-25,34.98,648.0,337.0,785.0,387.0,24.169555907271203,325.3129061490292,340.0,366.0,381.0,375.0
434,2017-02-03,34.98,651.0,339.0,760.0,389.0,25.874462340564193,249.53063190195562,353.0,379.0,390.0,377.0
435,2017-02-08,34.78,652.0,339.0,761.0,380.0,25.874462340564193,249.53063190195562,353.0,379.0,390.0,360.0
436,2017-02-15,34.77,652.0,339.0,761.0,372.0,25.874462340564193,249.53063190195562,353.0,379.0,390.0,363.0
437,2017-02-22,34.75,652.0,339.0,732.0,378.0,25.874462340564193,249.53063190195562,353.0,379.0,390.0,369.0
438,2017-03-01,34.72,638.0,340.0,733.0,378.0,25.874462340564193,249.53063190195562,353.0,379.0,390.0,369.0
439,2017-03-08,34.72,635.0,338.0,701.0,377.0,28.010609812866583,685.4648146041786,357.0,387.0,378.0,368.0
440,2017-03-15,35.02,632.0,337.0,698.0,372.0,28.010609812866583,685.4648146041786,357.0,387.0,378.0,366.0
441,2017-03-22,34.43,644.0,343.0,710.0,373.0,28.010609812866583,685.4648146041786,357.0,387.0,378.0,373.0
442,2017-03-29,34.27,647.0,344.0,713.0,374.0,28.010609812866583,685.4648146041786,357.0,387.0,378.0,374.0
443,2017-04-05,34.26,647.0,344.0,713.0,374.0,29.41465040499022,1336.8350500284362,350.0,389.0,393.0,374.0
444,2017-04-12,34.27,647.0,330.0,713.0,380.0,29.41465040499022,1336.8350500284362,350.0,389.0,393.0,374.0
445,2017-04-19,34.05,651.0,332.0,717.0,388.0,29.41465040499022,1336.8350500284362,350.0,389.0,393.0,383.0
446,2017-04-26,34.16,663.0,322.0,715.0,393.0,29.41465040499022,1336.8350500284362,350.0,389.0,393.0,387.0
447,2017-05-03,34.17,663.0,322.0,715.0,405.0,28.853034168140766,2842.9519189545595,360.0,394.0,419.0,393.0
448,2017-05-17,34.21,662.0,321.0,714.0,425.0,28.853034168140766,2842.9519189545595,360.0,394.0,419.0,419.0
449,2017-05-24,34.18,693.0,322.0,700.0,440.0,28.853034168140766,2842.9519189545595,360.0,394.0,419.0,434.0
450,2017-05-30,33.85,715.0,331.0,707.0,453.0,28.853034168140766,2842.9519189545595,360.0,394.0,419.0,438.0
451,2017-06-07,33.72,763.0,341.0,710.0,464.0,28.161042733451254,3144.5921696904556,405.0,413.0,434.0,455.0
452,2017-06-14,33.64,765.0,342.0,711.0,480.0,28.161042733451254,3144.5921696904556,405.0,413.0,434.0,462.0
453,2017-06-21,33.77,792.0,334.0,709.0,484.0,28.161042733451254,3144.5921696904556,405.0,413.0,434.0,461.0
454,2017-06-28,33.74,793.0,335.0,709.0,476.0,28.161042733451254,3144.5921696904556,405.0,413.0,434.0,455.0
455,2017-07-05,33.75,793.0,335.0,709.0,461.0,27.689686248952608,3294.3701026817253,408.0,413.0,431.0,439.0
456,2017-07-12,33.75,793.0,335.0,694.0,430.0,27.689686248952608,3294.3701026817253,408.0,413.0,431.0,410.0
457,2017-07-19,33.37,832.0,338.0,702.0,420.0,27.689686248952608,3294.3701026817253,408.0,413.0,431.0,408.0
458,2017-07-26,33.23,835.0,340.0,705.0,422.0,27.689686248952608,3294.3701026817253,408.0,413.0,431.0,410.0
459,2017-08-02,33.04,840.0,342.0,709.0,409.0,27.408878130527878,4048.0240756457456,400.0,410.0,394.0,397.0
460,2017-08-09,33.02,871.0,342.0,709.0,410.0,27.408878130527878,4048.0240756457456,400.0,410.0,394.0,397.0
461,2017-08-16,33.04,902.0,336.0,679.0,403.0,27.408878130527878,4048.0240756457456,400.0,410.0,394.0,391.0
462,2017-08-23,32.98,997.0,336.0,695.0,404.0,27.408878130527878,4048.0240756457456,400.0,410.0,394.0,392.0
463,2017-08-30,32.93,1029.0,337.0,711.0,398.0,27.408878130527878,4048.0240756457456,400.0,410.0,394.0,386.0
464,2017-09-06,32.89,1046.0,337.0,742.0,411.0,27.21832976445396,3902.7126814116714,385.0,406.0,393.0,390.0
465,2017-09-13,32.84,1048.0,338.0,713.0,412.0,27.21832976445396,3902.7126814116714,385.0,406.0,393.0,400.0
466,2017-09-20,32.82,1032.0,338.0,698.0,436.0,27.21832976445396,3902.7126814116714,385.0,406.0,393.0,415.0
467,2017-09-27,33.01,996.0,333.0,664.0,419.0,27.21832976445396,3902.7126814116714,385.0,406.0,393.0,404.0
468,2017-10-04,33.08,963.0,326.0,647.0,418.0,26.74697327995531,2346.4216937797255,396.0,398.0,376.0,397.0
469,2017-10-11,32.95,951.0,327.0,649.0,419.0,26.74697327995531,2346.4216937797255,396.0,398.0,376.0,392.0
470,2017-10-18,32.82,955.0,329.0,621.0,421.0,26.74697327995531,2346.4216937797255,396.0,398.0,376.0,394.0
471,2017-10-25,32.93,952.0,328.0,619.0,420.0,26.74697327995531,2346.4216937797255,396.0,398.0,376.0,392.0
472,2017-11-09,32.85,969.0,328.0,651.0,421.0,25.63376966762871,1080.9023792411679,403.0,386.0,381.0,393.0
473,2017-11-15,32.75,971.0,329.0,652.0,409.0,25.63376966762871,1080.9023792411679,403.0,386.0,381.0,394.0
474,2017-11-22,32.5,979.0,332.0,659.0,425.0,25.63376966762871,1080.9023792411679,403.0,386.0,381.0,410.0
475,2017-11-29,32.34,1016.0,334.0,662.0,427.0,25.63376966762871,1080.9023792411679,403.0,386.0,381.0,412.0
476,2017-12-06,32.33,1016.0,340.0,662.0,427.0,23.97900754119728,565.7615759113551,390.0,390.0,377.0,412.0
477,2017-12-13,32.34,1016.0,340.0,662.0,424.0,23.97900754119728,565.7615759113551,390.0,390.0,377.0,406.0
478,2017-12-20,32.47,1012.0,338.0,660.0,423.0,23.97900754119728,565.7615759113551,390.0,390.0,377.0,404.0
479,2017-12-27,32.57,1009.0,337.0,673.0,421.0,23.97900754119728,565.7615759113551,390.0,390.0,377.0,403.0
480,2018-01-10,31.99,1043.0,347.0,685.0,432.0,24.160580951494275,257.86575005155964,417.0,398.0,395.0,416.0
481,2018-01-17,31.71,1053.0,350.0,723.0,451.0,24.160580951494275,257.86575005155964,417.0,398.0,395.0,436.0
482,2018-01-24,31.45,1110.0,360.0,761.0,463.0,24.160580951494275,257.86575005155964,417.0,398.0,395.0,456.0
483,2018-01-31,31.45,1137.0,363.0,769.0,461.0,25.864854296620425,197.79542200751217,423.0,414.0,392.0,461.0
484,2018-02-07,31.2,1135.0,363.0,767.0,449.0,25.864854296620425,197.79542200751217,423.0,414.0,392.0,443.0
485,2018-02-14,31.12,1138.0,364.0,769.0,441.0,25.864854296620425,197.79542200751217,423.0,414.0,392.0,428.0
486,2018-02-21,31.27,1132.0,362.0,749.0,426.0,25.864854296620425,197.79542200751217,423.0,414.0,392.0,413.0
487,2018-02-28,31.2,1135.0,369.0,734.0,420.0,25.864854296620425,197.79542200751217,423.0,414.0,392.0,414.0
488,2018-03-07,31.08,1139.0,374.0,705.0,428.0,28.000208546690253,543.34732871276,419.0,410.0,403.0,428.0
489,2018-03-14,30.95,1144.0,375.0,692.0,430.0,28.000208546690253,543.34732871276,419.0,410.0,403.0,424.0
490,2018-03-21,30.95,1144.0,382.0,675.0,430.0,28.000208546690253,543.34732871276,419.0,410.0,403.0,430.0
491,2018-03-28,30.95,1144.0,382.0,675.0,437.0,28.000208546690253,543.34732871276,419.0,410.0,403.0,437.0
492,2018-04-04,30.97,1143.0,381.0,675.0,446.0,29.403727772088256,1059.6689106237777,435.0,410.0,420.0,446.0
493,2018-04-11,30.94,1144.0,382.0,676.0,446.0,29.403727772088256,1059.6689106237777,435.0,410.0,420.0,446.0
494,2018-04-18,30.96,1143.0,382.0,675.0,453.0,29.403727772088256,1059.6689106237777,435.0,410.0,420.0,453.0
495,2018-04-25,31.25,1150.0,394.0,685.0,448.0,29.403727772088256,1059.6689106237777,435.0,410.0,420.0,459.0
496,2018-05-02,31.47,1158.0,391.0,696.0,445.0,28.842320081929056,2253.5224243636303,456.0,415.0,447.0,456.0
497,2018-05-09,31.82,1161.0,387.0,704.0,437.0,28.842320081929056,2253.5224243636303,456.0,415.0,447.0,450.0
498,2018-05-16,31.86,1191.0,387.0,719.0,437.0,28.842320081929056,2253.5224243636303,456.0,415.0,447.0,449.0
499,2018-05-23,31.81,1225.0,387.0,720.0,438.0,28.842320081929056,2253.5224243636303,456.0,415.0,447.0,450.0
500,2018-05-30,31.89,1238.0,386.0,719.0,436.0,28.842320081929056,2253.5224243636303,456.0,415.0,447.0,449.0
501,2018-06-06,31.67,1263.0,383.0,708.0,439.0,28.15058560655432,2492.623572924024,448.0,410.0,444.0,446.0
502,2018-06-13,31.85,1240.0,380.0,704.0,434.0,28.15058560655432,2492.623572924024,448.0,410.0,444.0,437.0
503,2018-06-20,32.45,1185.0,373.0,675.0,420.0,28.15058560655432,2492.623572924024,448.0,410.0,444.0,414.0
504,2018-06-27,32.74,1143.0,370.0,669.0,410.0,28.15058560655432,2492.623572924024,448.0,410.0,444.0,410.0
505,2018-07-04,32.87,1124.0,366.0,667.0,399.0,27.679404152313563,2611.348032673163,399.0,406.0,414.0,402.0
506,2018-07-11,32.99,1120.0,364.0,664.0,398.0,27.679404152313563,2611.348032673163,399.0,406.0,414.0,398.0
507,2018-07-18,33.08,1117.0,363.0,663.0,397.0,27.679404152313563,2611.348032673163,399.0,406.0,414.0,397.0
508,2018-07-25,33.13,1115.0,357.0,662.0,396.0,27.679404152313563,2611.348032673163,399.0,406.0,414.0,396.0
509,2018-08-01,32.92,1122.0,359.0,666.0,399.0,27.39870030723396,3208.7468549894074,396.0,398.0,405.0,399.0
510,2018-08-08,32.97,1120.0,342.0,665.0,404.0,27.39870030723396,3208.7468549894074,396.0,398.0,405.0,404.0
511,2018-08-15,33.1,1116.0,344.0,677.0,402.0,27.39870030723396,3208.7468549894074,396.0,398.0,405.0,402.0
512,2018-08-22,32.45,1138.0,351.0,691.0,410.0,27.39870030723396,3208.7468549894074,396.0,398.0,405.0,410.0
513,2018-08-29,32.43,1139.0,351.0,691.0,411.0,27.39870030723396,3208.7468549894074,396.0,398.0,405.0,411.0
514,2018-09-05,32.52,1136.0,350.0,705.0,407.0,27.208222698072802,3093.562886087658,396.0,388.0,388.0,403.0
515,2018-09-12,32.53,1135.0,350.0,705.0,406.0,27.208222698072802,3093.562886087658,396.0,388.0,388.0,403.0
516,2018-09-19,32.33,1142.0,352.0,709.0,409.0,27.208222698072802,3093.562886087658,396.0,388.0,388.0,406.0
517,2018-09-26,32.17,1117.0,355.0,712.0,411.0,27.208222698072802,3093.562886087658,396.0,388.0,388.0,408.0
518,2018-10-03,32.11,1119.0,356.0,714.0,412.0,26.737041243832046,1859.9378584954602,409.0,371.0,385.0,409.0
519,2018-10-17,32.27,1113.0,360.0,710.0,410.0,26.737041243832046,1859.9378584954602,409.0,371.0,385.0,413.0
520,2018-10-24,32.53,1105.0,357.0,720.0,406.0,26.737041243832046,1859.9378584954602,409.0,371.0,385.0,409.0
521,2018-10-31,33.02,1119.0,351.0,709.0,400.0,25.62425100083791,856.7987850683401,413.0,370.0,364.0,403.0
522,2018-11-07,32.65,1116.0,356.0,717.0,405.0,25.62425100083791,856.7987850683401,413.0,370.0,364.0,402.0
523,2018-11-14,32.64,1116.0,356.0,717.0,405.0,25.62425100083791,856.7987850683401,413.0,370.0,364.0,402.0
524,2018-11-21,32.75,1113.0,355.0,715.0,404.0,25.62425100083791,856.7987850683401,413.0,370.0,364.0,401.0
525,2018-11-28,32.78,1112.0,361.0,714.0,403.0,25.62425100083791,856.7987850683401,413.0,370.0,364.0,400.0
526,2018-12-06,32.55,1119.0,363.0,719.0,406.0,23.970103342333115,448.46217400271246,396.0,373.0,357.0,403.0
527,2018-12-12,32.49,1121.0,364.0,721.0,407.0,23.970103342333115,448.46217400271246,396.0,373.0,357.0,404.0
528,2018-12-19,32.45,1123.0,364.0,752.0,404.0,23.970103342333115,448.46217400271246,396.0,373.0,357.0,404.0
529,2018-12-26,32.33,1127.0,369.0,755.0,406.0,23.970103342333115,448.46217400271246,396.0,373.0,357.0,403.0
530,2019-01-09,31.77,1146.0,375.0,801.0,413.0,24.672153430779254,214.41837646632382,359.0,374.0,350.0,410.0
531,2019-01-16,31.6,1153.0,377.0,837.0,415.0,24.672153430779254,214.41837646632382,359.0,374.0,350.0,409.0
532,2019-01-23,31.48,1158.0,379.0,840.0,420.0,24.672153430779254,214.41837646632382,359.0,374.0,350.0,410.0
533,2019-01-30,31.25,1166.0,381.0,846.0,420.0,24.672153430779254,214.41837646632382,359.0,374.0,350.0,410.0
534,2019-02-13,30.99,1175.0,378.0,853.0,417.0,26.412512801415136,164.4691986075784,344.0,370.0,351.0,410.0
535,2019-02-20,30.87,1180.0,379.0,856.0,418.0,26.412512801415136,164.4691986075784,344.0,370.0,351.0,412.0
536,2019-02-27,31.12,1171.0,373.0,850.0,412.0,26.412512801415136,164.4691986075784,344.0,370.0,351.0,402.0
537,2019-03-06,31.57,1154.0,371.0,838.0,406.0,28.59308071874127,451.79963627045987,350.0,370.0,355.0,400.0
538,2019-03-13,31.38,1144.0,373.0,843.0,408.0,28.59308071874127,451.79963627045987,350.0,370.0,355.0,405.0
539,2019-03-20,31.44,1142.0,376.0,857.0,414.0,28.59308071874127,451.79963627045987,350.0,370.0,355.0,408.0
540,2019-03-27,31.46,1141.0,376.0,873.0,417.0,28.59308071874127,451.79963627045987,350.0,370.0,355.0,411.0
541,2019-04-03,31.48,1141.0,375.0,904.0,423.0,30.026317847500223,881.1270491034882,362.0,375.0,362.0,417.0
542,2019-04-10,31.54,1139.0,375.0,903.0,416.0,30.026317847500223,881.1270491034882,362.0,375.0,362.0,416.0
543,2019-04-24,31.77,1130.0,372.0,928.0,413.0,30.026317847500223,881.1270491034882,362.0,375.0,362.0,407.0
544,2019-04-30,31.67,1134.0,373.0,979.0,414.0,30.026317847500223,881.1270491034882,362.0,375.0,362.0,408.0
545,2019-05-08,31.57,1137.0,374.0,998.0,415.0,29.453022995996644,1873.8301595535254,371.0,375.0,368.0,409.0
546,2019-05-15,31.3,1148.0,377.0,1006.0,419.0,29.453022995996644,1873.8301595535254,371.0,375.0,368.0,413.0
547,2019-05-22,31.75,1131.0,372.0,992.0,413.0,29.453022995996644,1873.8301595535254,371.0,375.0,368.0,407.0
548,2019-06-05,31.15,1153.0,379.0,1011.0,421.0,28.74664183967972,2072.645551187746,335.0,375.0,367.0,415.0
549,2019-06-12,30.99,1142.0,381.0,1016.0,423.0,28.74664183967972,2072.645551187746,335.0,375.0,367.0,417.0
550,2019-06-19,30.89,1126.0,381.0,1017.0,427.0,28.74664183967972,2072.645551187746,335.0,375.0,367.0,420.0
551,2019-06-26,30.57,1125.0,386.0,1030.0,429.0,28.74664183967972,2072.645551187746,335.0,375.0,367.0,426.0
552,2019-07-03,30.31,1134.0,390.0,1039.0,426.0,28.26548366073922,2171.366323144324,335.0,371.0,357.0,419.0
553,2019-07-10,30.6,1107.0,386.0,1029.0,419.0,28.26548366073922,2171.366323144324,335.0,371.0,357.0,412.0
554,2019-07-17,30.63,1106.0,386.0,1062.0,418.0,28.26548366073922,2171.366323144324,335.0,371.0,357.0,412.0
555,2019-07-24,30.63,1139.0,386.0,1127.0,422.0,28.26548366073922,2171.366323144324,335.0,371.0,357.0,415.0
556,2019-07-31,30.53,1160.0,387.0,1264.0,423.0,27.978836234987423,2668.1104062896466,344.0,372.0,366.0,420.0
557,2019-08-07,30.49,1178.0,387.0,1365.0,430.0,27.978836234987423,2668.1104062896466,344.0,372.0,366.0,430.0
558,2019-08-14,30.53,1193.0,387.0,1429.0,439.0,27.978836234987423,2668.1104062896466,344.0,372.0,366.0,429.0
559,2019-08-21,30.55,1209.0,387.0,1527.0,439.0,27.978836234987423,2668.1104062896466,344.0,372.0,366.0,429.0
560,2019-08-28,30.42,1247.0,398.0,1533.0,438.0,27.978836234987423,2668.1104062896466,344.0,372.0,366.0,431.0
561,2019-09-04,30.34,1252.0,399.0,1537.0,439.0,27.78432548179871,2572.3335937353527,325.0,369.0,367.0,432.0
562,2019-09-11,30.36,1251.0,399.0,1471.0,432.0,27.78432548179871,2572.3335937353527,325.0,369.0,367.0,425.0
563,2019-09-18,30.28,1254.0,400.0,1374.0,433.0,27.78432548179871,2572.3335937353527,325.0,369.0,367.0,426.0
564,2019-09-25,30.35,1234.0,399.0,1304.0,429.0,27.78432548179871,2572.3335937353527,325.0,369.0,367.0,425.0
565,2019-10-02,30.4,1215.0,398.0,1335.0,425.0,27.303167302858203,1546.5600059996627,350.0,365.0,367.0,425.0
566,2019-10-09,30.12,1226.0,402.0,1448.0,429.0,27.303167302858203,1546.5600059996627,350.0,365.0,367.0,425.0
567,2019-10-16,30.15,1226.0,395.0,1447.0,422.0,27.303167302858203,1546.5600059996627,350.0,365.0,367.0,422.0
568,2019-10-24,30.02,1214.0,397.0,1386.0,420.0,27.303167302858203,1546.5600059996627,350.0,365.0,367.0,423.0
569,2019-10-30,29.95,1216.0,398.0,1322.0,421.0,27.303167302858203,1546.5600059996627,350.0,365.0,367.0,424.0
570,2019-11-06,30.0,1215.0,394.0,1286.0,420.0,26.166815007913595,712.4381753526364,348.0,360.0,353.0,420.0
571,2019-11-13,30.08,1126.0,393.0,1283.0,416.0,26.166815007913595,712.4381753526364,348.0,360.0,353.0,419.0
572,2019-11-19,29.94,1098.0,394.0,1221.0,418.0,26.166815007913595,712.4381753526364,348.0,360.0,353.0,421.0
573,2019-11-27,29.96,1097.0,394.0,1253.0,418.0,26.166815007913595,712.4381753526364,348.0,360.0,353.0,424.0
574,2019-12-11,30.04,1093.0,393.0,1217.0,416.0,24.477642677590538,372.9015242892588,348.0,362.0,358.0,423.0
575,2019-12-18,29.97,1097.0,394.0,1220.0,431.0,24.477642677590538,372.9015242892588,348.0,362.0,358.0,427.0
576,2019-12-25,29.9,1099.0,395.0,1222.0,448.0,24.477642677590538,372.9015242892588,348.0,362.0,358.0,445.0
577,2020-01-08,30.02,1094.0,400.0,1285.0,443.0,24.60932874034075,252.59910380041129,351.0,360.0,376.0,443.0
578,2020-01-14,30.0,1095.0,404.0,1319.0,450.0,24.60932874034075,252.59910380041129,351.0,360.0,376.0,450.0
579,2020-01-22,30.16,1089.0,408.0,1380.0,459.0,24.60932874034075,252.59910380041129,351.0,360.0,376.0,459.0
580,2020-01-29,30.65,1072.0,402.0,1357.0,451.0,24.60932874034075,252.59910380041129,351.0,360.0,376.0,451.0
581,2020-02-07,30.95,1062.0,414.0,1312.0,446.0,26.34525649380877,193.75565124461755,358.0,365.0,380.0,446.0
582,2020-02-12,30.9,1064.0,415.0,1281.0,447.0,26.34525649380877,193.75565124461755,358.0,365.0,380.0,447.0
583,2020-02-19,30.96,1062.0,414.0,1213.0,453.0,26.34525649380877,193.75565124461755,358.0,365.0,380.0,453.0
584,2020-02-26,31.56,1041.0,412.0,1158.0,455.0,26.34525649380877,193.75565124461755,358.0,365.0,380.0,455.0
585,2020-03-04,31.09,1057.0,419.0,1111.0,471.0,28.520271855506937,532.2500109368849,410.0,357.0,399.0,471.0
586,2020-03-11,31.26,1035.0,426.0,1073.0,491.0,28.520271855506937,532.2500109368849,410.0,357.0,399.0,491.0
587,2020-03-18,32.04,1025.0,416.0,1078.0,526.0,28.520271855506937,532.2500109368849,410.0,357.0,399.0,510.0
588,2020-03-25,32.6,1024.0,424.0,1106.0,517.0,28.520271855506937,532.2500109368849,410.0,357.0,399.0,502.0
589,2020-04-01,32.57,1072.0,440.0,1107.0,564.0,29.949859417186477,1038.0262485235207,470.0,380.0,435.0,564.0
590,2020-04-08,32.6,1133.0,439.0,1106.0,579.0,29.949859417186477,1038.0262485235207,470.0,380.0,435.0,579.0
591,2020-04-15,32.33,1142.0,443.0,1115.0,569.0,29.949859417186477,1038.0262485235207,470.0,380.0,435.0,569.0
592,2020-04-22,32.27,1113.0,444.0,1117.0,553.0,29.949859417186477,1038.0262485235207,470.0,380.0,435.0,553.0
593,2020-04-29,32.16,1117.0,445.0,1121.0,556.0,29.949859417186477,1038.0262485235207,470.0,380.0,435.0,556.0
594,2020-05-07,32.19,1100.0,445.0,1120.0,539.0,29.378024392514664,2207.4965158209857,470.0,381.0,444.0,539.0
595,2020-05-14,31.82,1081.0,434.0,1117.0,530.0,29.378024392514664,2207.4965158209857,470.0,381.0,444.0,498.0
596,2020-05-20,31.62,1104.0,437.0,1124.0,517.0,29.378024392514664,2207.4965158209857,470.0,381.0,444.0,501.0
597,2020-05-27,31.62,1104.0,437.0,1124.0,527.0,29.378024392514664,2207.4965158209857,470.0,381.0,444.0,501.0
598,2020-06-04,31.35,1097.0,441.0,1133.0,531.0,28.673441951401166,2441.714266072534,469.0,373.0,448.0,505.0
599,2020-06-10,30.91,1113.0,431.0,1149.0,538.0,28.673441951401166,2441.714266072534,469.0,373.0,448.0,529.0
600,2020-06-17,30.93,1095.0,430.0,1149.0,538.0,28.673441951401166,2441.714266072534,469.0,373.0,448.0,528.0
601,2020-06-24,30.61,1073.0,435.0,1144.0,544.0,28.673441951401166,2441.714266072534,469.0,373.0,448.0,518.0
602,2020-07-01,30.7,1054.0,427.0,1125.0,532.0,28.193508984265897,2558.0138992181696,434.0,381.0,438.0,510.0
603,2020-07-08,31.04,1010.0,422.0,1112.0,510.0,28.193508984265897,2558.0138992181696,434.0,381.0,438.0,478.0
604,2020-07-15,31.26,1003.0,420.0,1105.0,475.0,28.193508984265897,2558.0138992181696,434.0,381.0,438.0,459.0
605,2020-07-22,31.33,1000.0,419.0,1102.0,483.0,28.193508984265897,2558.0138992181696,434.0,381.0,438.0,474.0
606,2020-08-05,30.74,1019.0,427.0,1123.0,493.0,27.907591471929983,3143.2114568555526,486.0,375.0,443.0,483.0
607,2020-08-13,30.79,1018.0,426.0,1138.0,508.0,27.907591471929983,3143.2114568555526,486.0,375.0,443.0,498.0
608,2020-08-19,30.94,979.0,424.0,1148.0,512.0,27.907591471929983,3143.2114568555526,486.0,375.0,443.0,512.0
609,2020-08-26,31.13,974.0,421.0,1141.0,532.0,27.907591471929983,3143.2114568555526,486.0,375.0,443.0,525.0
610,2020-09-02,30.94,963.0,424.0,1148.0,528.0,27.71357601713062,3030.3800036247967,470.0,360.0,423.0,519.0
611,2020-09-09,31.13,940.0,428.0,1141.0,525.0,27.71357601713062,3030.3800036247967,470.0,360.0,423.0,515.0
612,2020-09-16,30.91,931.0,431.0,1117.0,513.0,27.71357601713062,3030.3800036247967,470.0,360.0,423.0,513.0
613,2020-09-23,31.21,922.0,427.0,1009.0,508.0,27.71357601713062,3030.3800036247967,470.0,360.0,423.0,492.0
614,2020-09-30,31.42,900.0,424.0,938.0,504.0,27.71357601713062,3030.3800036247967,470.0,360.0,423.0,495.0
615,2020-10-07,31.12,909.0,428.0,850.0,500.0,27.233643049995344,1821.9505152835156,480.0,350.0,405.0,493.0
616,2020-10-14,30.94,914.0,430.0,758.0,477.0,27.233643049995344,1821.9505152835156,480.0,350.0,405.0,464.0
617,2020-10-21,30.99,912.0,436.0,723.0,469.0,27.233643049995344,1821.9505152835156,480.0,350.0,405.0,463.0
618,2020-10-28,30.88,916.0,438.0,726.0,477.0,27.233643049995344,1821.9505152835156,480.0,350.0,405.0,465.0
619,2020-11-04,30.83,917.0,438.0,727.0,478.0,26.10018434037799,839.2995394009088,505.0,350.0,385.0,472.0
620,2020-11-11,30.01,891.0,450.0,746.0,495.0,26.10018434037799,839.2995394009088,505.0,350.0,385.0,485.0
621,2020-11-18,29.94,876.0,451.0,783.0,496.0,26.10018434037799,839.2995394009088,505.0,350.0,385.0,496.0
622,2020-11-25,30.09,888.0,449.0,762.0,503.0,26.10018434037799,839.2995394009088,505.0,350.0,385.0,503.0
623,2020-12-02,29.97,893.0,451.0,815.0,512.0,24.415313285541384,439.30278921810657,498.0,358.0,423.0,512.0
624,2020-12-09,29.76,899.0,465.0,821.0,515.0,24.415313285541384,439.30278921810657,498.0,358.0,423.0,515.0
625,2020-12-16,29.78,898.0,475.0,820.0,525.0,24.415313285541384,439.30278921810657,498.0,358.0,423.0,525.0
626,2020-12-23,29.96,893.0,472.0,815.0,529.0,24.415313285541384,439.30278921810657,498.0,358.0,423.0,529.0
627,2021-01-13,29.74,899.0,475.0,805.0,543.0,24.14263103994041,267.2831165746927,520.0,380.0,442.0,543.0
628,2021-01-20,29.72,900.0,469.0,805.0,543.0,24.14263103994041,267.2831165746927,520.0,380.0,442.0,543.0
629,2021-01-27,29.71,900.0,469.0,805.0,550.0,24.14263103994041,267.2831165746927,520.0,380.0,442.0,550.0
630,2021-02-03,29.72,900.0,479.0,805.0,561.0,25.84563820873289,205.01899468154923,520.0,393.0,451.0,561.0
631,2021-02-10,29.67,902.0,500.0,806.0,569.0,25.84563820873289,205.01899468154923,520.0,393.0,451.0,569.0
632,2021-02-17,29.72,882.0,499.0,805.0,557.0,25.84563820873289,205.01899468154923,520.0,393.0,451.0,550.0
633,2021-02-24,29.76,881.0,499.0,804.0,549.0,25.84563820873289,205.01899468154923,520.0,393.0,451.0,549.0
634,2021-03-03,30.05,873.0,494.0,796.0,544.0,27.979406014337584,563.1906035285516,511.0,406.0,437.0,544.0
635,2021-03-10,30.48,861.0,487.0,785.0,530.0,27.979406014337584,563.1906035285516,511.0,406.0,437.0,526.0
636,2021-03-17,30.52,843.0,486.0,801.0,529.0,27.979406014337584,563.1906035285516,511.0,406.0,437.0,526.0
637,2021-03-24,30.74,836.0,467.0,795.0,525.0,27.979406014337584,563.1906035285516,511.0,406.0,437.0,522.0
638,2021-03-31,31.12,810.0,461.0,769.0,512.0,29.381882506284324,1098.3684685236458,489.0,405.0,435.0,509.0
639,2021-04-07,31.07,811.0,451.0,770.0,504.0,29.381882506284324,1098.3684685236458,489.0,405.0,435.0,504.0
640,2021-04-21,31.08,811.0,444.0,737.0,487.0,29.381882506284324,1098.3684685236458,489.0,405.0,435.0,487.0
641,2021-04-28,31.15,809.0,443.0,735.0,496.0,29.381882506284324,1098.3684685236458,489.0,405.0,435.0,493.0
642,2021-05-05,30.95,798.0,453.0,724.0,505.0,28.82089190950563,2335.822018761445,494.0,394.0,447.0,502.0
643,2021-05-12,30.94,781.0,446.0,724.0,499.0,28.82089190950563,2335.822018761445,494.0,394.0,447.0,496.0
644,2021-05-19,31.18,776.0,443.0,719.0,489.0,28.82089190950563,2335.822018761445,494.0,394.0,447.0,486.0
645,2021-05-27,31.08,778.0,444.0,721.0,491.0,28.82089190950563,2335.822018761445,494.0,394.0,447.0,487.0
646,2021-06-02,30.9,782.0,431.0,725.0,493.0,28.129671352760443,2583.655242642602,482.0,386.0,435.0,490.0
647,2021-06-09,30.92,782.0,431.0,725.0,487.0,28.129671352760443,2583.655242642602,482.0,386.0,435.0,483.0
648,2021-06-16,30.91,766.0,415.0,693.0,477.0,28.129671352760443,2583.655242642602,482.0,386.0,435.0,474.0
649,2021-06-23,31.55,734.0,406.0,679.0,455.0,28.129671352760443,2583.655242642602,482.0,386.0,435.0,447.0
650,2021-06-30,31.83,712.0,403.0,673.0,450.0,28.129671352760443,2583.655242642602,482.0,386.0,435.0,434.0
651,2021-07-07,32.05,707.0,400.0,668.0,447.0,27.65883995903547,2706.715569999188,397.0,385.0,400.0,431.0
652,2021-07-14,32.38,684.0,396.0,661.0,436.0,27.65883995903547,2706.715569999188,397.0,385.0,400.0,421.0
653,2021-07-21,32.57,664.0,375.0,626.0,415.0,27.65883995903547,2706.715569999188,397.0,385.0,400.0,403.0
654,2021-07-29,32.6,664.0,360.0,625.0,415.0,27.65883995903547,2706.715569999188,397.0,385.0,400.0,402.0
655,2021-08-04,32.83,659.0,357.0,591.0,406.0,27.378344660646114,3325.9316505946545,392.0,376.0,367.0,400.0
656,2021-08-11,33.13,653.0,354.0,585.0,402.0,27.378344660646114,3325.9316505946545,392.0,376.0,367.0,396.0
657,2021-08-18,32.91,658.0,356.0,589.0,411.0,27.378344660646114,3325.9316505946545,392.0,376.0,367.0,405.0
658,2021-08-25,32.6,695.0,360.0,595.0,415.0,27.378344660646114,3325.9316505946545,392.0,376.0,367.0,409.0
659,2021-09-01,32.13,721.0,365.0,603.0,415.0,27.188008565310486,3206.54111431232,416.0,363.0,363.0,408.0
660,2021-09-08,32.5,713.0,361.0,596.0,410.0,27.188008565310486,3206.54111431232,416.0,363.0,363.0,404.0
661,2021-09-15,32.62,710.0,359.0,594.0,402.0,27.188008565310486,3206.54111431232,416.0,363.0,363.0,399.0
662,2021-09-22,33.2,698.0,359.0,584.0,398.0,27.188008565310486,3206.54111431232,416.0,363.0,363.0,392.0
663,2021-09-29,33.65,689.0,363.0,576.0,399.0,27.188008565310486,3206.54111431232,416.0,363.0,363.0,396.0
664,2021-10-06,33.63,689.0,364.0,577.0,405.0,26.717177171585508,1927.8635776737563,436.0,354.0,360.0,396.0
665,2021-10-14,32.96,703.0,371.0,588.0,407.0,26.717177171585508,1927.8635776737563,436.0,354.0,360.0,404.0
666,2021-10-20,33.13,700.0,378.0,585.0,405.0,26.717177171585508,1927.8635776737563,436.0,354.0,360.0,402.0
667,2021-10-27,33.02,702.0,373.0,587.0,406.0,26.717177171585508,1927.8635776737563,436.0,354.0,360.0,403.0
668,2021-11-03,33.11,669.0,372.0,601.0,399.0,25.6052136672563,888.0894399690018,430.0,348.0,360.0,396.0
669,2021-11-10,32.54,665.0,379.0,626.0,400.0,25.6052136672563,888.0894399690018,430.0,348.0,360.0,397.0
670,2021-11-17,32.59,664.0,378.0,626.0,406.0,25.6052136672563,888.0894399690018,430.0,348.0,360.0,403.0
671,2021-11-24,33.08,669.0,373.0,616.0,409.0,25.6052136672563,888.0894399690018,430.0,348.0,360.0,403.0
672,2021-12-01,33.46,662.0,368.0,609.0,404.0,23.95229494460478,464.840202738596,408.0,340.0,348.0,398.0
673,2021-12-08,33.22,667.0,371.0,614.0,407.0,23.95229494460478,464.840202738596,408.0,340.0,348.0,401.0
674,2021-12-15,33.15,668.0,372.0,615.0,408.0,23.95229494460478,464.840202738596,408.0,340.0,348.0,402.0
675,2021-12-22,33.52,661.0,368.0,623.0,403.0,23.95229494460478,464.840202738596,408.0,340.0,348.0,397.0
676,2022-01-05,32.95,687.0,383.0,680.0,419.0,24.03493157061726,338.6237236655438,398.0,347.0,361.0,419.0
677,2022-01-12,33.14,715.0,387.0,707.0,423.0,24.03493157061726,338.6237236655438,398.0,347.0,361.0,423.0
678,2022-01-19,32.95,750.0,395.0,741.0,426.0,24.03493157061726,338.6237236655438,398.0,347.0,361.0,426.0
679,2022-01-26,32.7,756.0,404.0,747.0,438.0,24.03493157061726,338.6237236655438,398.0,347.0,361.0,438.0
680,2022-02-09,32.61,758.0,402.0,718.0,427.0,25.73034168140769,259.740668587392,400.0,350.0,353.0,430.0
681,2022-02-17,32.0,787.0,410.0,716.0,435.0,25.73034168140769,259.740668587392,400.0,350.0,353.0,432.0
682,2022-02-23,32.16,784.0,399.0,697.0,423.0,25.73034168140769,259.740668587392,400.0,350.0,353.0,420.0
683,2022-03-02,32.28,781.0,397.0,663.0,422.0,27.85459082022158,713.5119559524777,415.0,350.0,350.0,419.0
684,2022-03-09,32.93,766.0,405.0,681.0,420.0,27.85459082022158,713.5119559524777,415.0,350.0,350.0,420.0
685,2022-03-16,33.21,759.0,413.0,675.0,431.0,27.85459082022158,713.5119559524777,415.0,350.0,350.0,422.0
686,2022-03-23,33.28,788.0,412.0,674.0,430.0,27.85459082022158,713.5119559524777,415.0,350.0,350.0,421.0
687,2022-03-30,33.15,807.0,423.0,676.0,441.0,27.85459082022158,713.5119559524777,415.0,350.0,350.0,426.0
688,2022-04-07,33.23,820.0,425.0,644.0,440.0,29.250810911460754,1391.5342859464158,416.0,343.0,360.0,431.0
689,2022-04-20,33.54,827.0,421.0,653.0,436.0,29.250810911460754,1391.5342859464158,416.0,343.0,360.0,427.0
690,2022-04-27,34.08,845.0,415.0,658.0,450.0,29.250810911460754,1391.5342859464158,416.0,343.0,360.0,435.0
691,2022-05-05,33.87,880.0,417.0,692.0,477.0,28.692322874965086,2959.2768894249702,419.0,331.0,367.0,468.0
692,2022-05-11,34.41,911.0,431.0,710.0,476.0,28.692322874965086,2959.2768894249702,419.0,331.0,367.0,461.0
693,2022-05-18,34.4,940.0,446.0,710.0,476.0,28.692322874965086,2959.2768894249702,419.0,331.0,367.0,461.0
694,2022-05-25,33.94,999.0,452.0,690.0,482.0,28.692322874965086,2959.2768894249702,419.0,331.0,367.0,467.0
695,2022-06-01,34.12,963.0,449.0,672.0,480.0,28.0041858299972,3273.2593444118775,423.0,334.0,406.0,465.0
696,2022-06-08,34.24,930.0,448.0,670.0,478.0,28.0041858299972,3273.2593444118775,423.0,334.0,406.0,463.0
697,2022-06-15,34.79,885.0,426.0,644.0,456.0,28.0041858299972,3273.2593444118775,423.0,334.0,406.0,441.0
698,2022-06-22,35.18,876.0,410.0,637.0,444.0,28.0041858299972,3273.2593444118775,423.0,334.0,406.0,427.0
699,2022-06-29,34.8,885.0,406.0,629.0,443.0,28.0041858299972,3273.2593444118775,423.0,334.0,406.0,426.0
700,2022-07-06,35.77,862.0,401.0,612.0,443.0,27.53545479936691,3429.1657361773405,407.0,343.0,391.0,429.0
701,2022-07-12,36.05,855.0,395.0,608.0,434.0,27.53545479936691,3429.1657361773405,407.0,343.0,391.0,420.0
702,2022-07-20,36.4,847.0,391.0,602.0,416.0,27.53545479936691,3429.1657361773405,407.0,343.0,391.0,410.0
703,2022-07-27,36.61,842.0,386.0,612.0,419.0,27.53545479936691,3429.1657361773405,407.0,343.0,391.0,411.0
704,2022-08-03,35.94,858.0,393.0,623.0,432.0,27.256210781119073,4213.6569440468975,396.0,345.0,371.0,421.0
705,2022-08-10,35.2,882.0,397.0,670.0,445.0,27.256210781119073,4213.6569440468975,396.0,345.0,371.0,439.0
706,2022-08-17,35.14,884.0,392.0,641.0,446.0,27.256210781119073,4213.6569440468975,396.0,345.0,371.0,434.0
707,2022-08-24,35.9,865.0,383.0,628.0,439.0,27.256210781119073,4213.6569440468975,396.0,345.0,371.0,431.0
708,2022-08-31,36.13,860.0,381.0,596.0,436.0,27.066723768736615,4062.3998482585357,410.0,369.0,420.0,428.0
709,2022-09-07,36.55,864.0,382.0,589.0,440.0,27.066723768736615,4062.3998482585357,410.0,369.0,420.0,431.0
710,2022-09-14,36.4,881.0,397.0,605.0,462.0,27.066723768736615,4062.3998482585357,410.0,369.0,420.0,444.0
711,2022-09-21,36.91,897.0,392.0,611.0,461.0,27.066723768736615,4062.3998482585357,410.0,369.0,420.0,446.0
712,2022-09-28,37.83,875.0,383.0,622.0,443.0,27.066723768736615,4062.3998482585357,410.0,369.0,420.0,435.0
713,2022-10-05,37.02,895.0,391.0,636.0,450.0,26.59799273810632,2442.430153303877,429.0,380.0,401.0,439.0
714,2022-10-15,37.91,873.0,382.0,648.0,434.0,26.59799273810632,2442.430153303877,429.0,380.0,401.0,429.0
715,2022-10-19,37.92,873.0,382.0,675.0,434.0,26.59799273810632,2442.430153303877,429.0,380.0,401.0,429.0
716,2022-10-26,37.76,876.0,383.0,678.0,431.0,26.59799273810632,2442.430153303877,429.0,380.0,401.0,426.0
717,2022-11-02,37.39,885.0,387.0,684.0,435.0,25.490989665766687,1125.1296264585117,438.0,387.0,432.0,427.0
718,2022-11-09,36.61,904.0,395.0,712.0,444.0,25.490989665766687,1125.1296264585117,438.0,387.0,432.0,433.0
719,2022-11-23,35.92,865.0,403.0,698.0,453.0,25.490989665766687,1125.1296264585117,438.0,387.0,432.0,442.0
720,2022-11-30,35.1,856.0,412.0,728.0,464.0,25.490989665766687,1125.1296264585117,438.0,387.0,432.0,456.0
721,2022-12-07,34.8,834.0,415.0,735.0,468.0,23.8454445582348,588.9108237661632,456.0,388.0,456.0,460.0
722,2022-12-14,34.36,845.0,421.0,744.0,474.0,23.8454445582348,588.9108237661632,456.0,388.0,456.0,465.0
723,2022-12-21,34.54,840.0,424.0,740.0,486.0,23.8454445582348,588.9108237661632,456.0,388.0,456.0,477.0
724,2023-01-11,,,,,,,,,,,511.0
725,2023-01-18,,,,,,,,,,,523.0
726,2023-02-01,,,,,,,,,,,511.0
727,2023-02-08,,,,,,,,,,,502.0
728,2023-02-15,,,,,,,,,,,481.0
729,2023-02-22,,,,,,,,,,,474.0
730,2023-03-01,,,,,,,,,,,470.0
731,2023-03-08,,,,,,,,,,,467.0
732,2023-03-15,,,,,,,,,,,476.0
733,2023-03-22,,,,,,,,,,,477.0
734,2023-03-29,,,,,,,,,,,490.0
735,2023-04-05,,,,,,,,,,,505.0
736,2023-04-19,,,,,,,,,,,498.0
737,2023-04-26,,,,,,,,,,,499.0
738,2023-05-03,,,,,,,,,,,503.0
739,2023-05-10,,,,,,,,,,,509.0
740,2023-05-17,,,,,,,,,,,515.0
741,2023-05-24,,,,,,,,,,,511.0
742,2023-06-07,,,,,,,,,,,507.0
743,2023-06-14,,,,,,,,,,,509.0
744,2023-06-21,,,,,,,,,,,520.0
745,2023-06-28,,,,,,,,,,,518.0
746,2023-07-05,,,,,,,,,,,535.0
747,2023-07-12,,,,,,,,,,,534.0
748,2023-07-26,,,,,,,,,,,572.0
749,2023-08-09,,,,,,,,,,,648.0
750,2023-08-16,,,,,,,,,,,612.0
751,2023-08-30,,,,,,,,,,,646.0
752,2023-09-06,,,,,,,,,,,640.0
753,2023-09-13,,,,,,,,,,,621.0
754,2023-09-20,,,,,,,,,,,612.0
755,2023-09-27,,,,,,,,,,,608.0
756,2023-10-04,,,,,,,,,,,597.0
757,2023-10-11,,,,,,,,,,,595.0
758,2023-10-18,,,,,,,,,,,583.0
759,2023-10-25,,,,,,,,,,,586.0
760,2023-11-01,,,,,,,,,,,584.0
761,2023-11-08,,,,,,,,,,,583.0
762,2023-11-15,,,,,,,,,,,583.0
763,2023-11-22,,,,,,,,,,,602.0
764,2023-11-29,,,,,,,,,,,640.0
765,2023-12-06,,,,,,,,,,,631.0
766,2023-12-13,,,,,,,,,,,634.0
767,2023-12-20,,,,,,,,,,,650.0
768,2023-12-27,,,,,,,,,,,659.0
769,2024-01-10,,,,,,,,,,,646.0
770,2024-01-17,,,,,,,,,,,668.0
771,2024-01-22,,,,,,,,,,,669.0
772,2024-01-31,,,,,,,,,,,655.0
773,2024-02-07,,,,,,,,,,,639.0
774,2024-02-14,,,,,,,,,,,615.0
775,2024-02-21,,,,,,,,,,,618.0
776,2024-02-28,,,,,,,,,,,625.0
777,2024-03-13,,,,,,,,,,,630.0
778,2024-03-20,,,,,,,,,,,608.0
779,2024-03-27,,,,,,,,,,,601.0
780,2024-04-03,,,,,,,,,,,578.0
781,2024-04-10,,,,,,,,,,,597.0
782,2024-04-24,,,,,,,,,,,602.0
783,2024-04-30,,,,,,,,,,,599.0
784,2024-05-08,,,,,,,,,,,614.0
785,2024-05-15,,,,,,,,,,,649.0
786,2024-05-23,,,,,,,,,,,649.0
787,2024-06-05,,,,,,,,,,,647.0
788,2024-06-12,,,,,,,,,,,645.0
789,2024-06-19,,,,,,,,,,,632.0
790,2024-06-26,,,,,,,,,,,603.0
791,2024-07-10,,,,,,,,,,,590.0
792,2024-07-17,,,,,,,,,,,584.0
793,2024-07-24,,,,,,,,,,,592.0
794,2024-07-31,,,,,,,,,,,593.0
795,2024-08-07,,,,,,,,,,,580.0
796,2024-08-14,,,,,,,,,,,586.0
797,2024-08-21,,,,,,,,,,,589.0
798,2024-08-28,,,,,,,,,,,602.0
799,2024-09-04,,,,,,,,,,,598.0
800,2024-09-11,,,,,,,,,,,578.0
801,2024-09-19,,,,,,,,,,,575.0
